company_name,company_name_abbr,company_status,company_slogen,company_profile,company_url,company_tag,company_info,regtime,company_scale,cofunder_id,cofunder_name,cofunder_position,cofunder_profile,itjuzi_url
海宁明益电子科技有限公司,海宁明益,已被收购,"""照明电器研发商""","""成立于2016年11月，目前已被收购，1位投资人""",http://,""" 硬件 智能家居 电子元器件 模具 照明灯具 半导体/元器件""","""海宁明益是一家照明电器研发商，主要经营照明电器研发；照明电器及附件、电子产品、电子元器件、模具制造、加工。
""",2016.11,50-100人,1,陈常海,CEO,"""陈常海，海宁明益CEO。""",https://www.itjuzi.com/company/33403549
北京一拍机合影视设备租赁有限责任公司,一拍机合,天使轮,"""影视设备租赁服务提供商""","""成立于2014年12月，目前天使轮，3位投资人，总融资额约300万人民币""",http://,""" 文化娱乐 影视""","""一拍机合是一家影视设备租赁服务提供商。公司致力于高品质服务与价格平衡，在保证优质服务的同时，尽量降低成本，为用户提供高性价比的器材租赁体验。此外，公司还围绕租赁主线开拓摄影培训、新器材体验式购物、旅行摄影以及二手器材置换出售等服务。
""",2014.12,50-100人,1,李韬,创始人,"""李韬，一拍机合创始人，本科毕业于对外经济贸易大学，研究生毕业于巴黎高商，后就职中兴通讯ZTE（法国分公司）、国家商务部，分管全国商务领域信用信息建设。""",https://www.itjuzi.com/company/33403458
湖南泰通能源管理股份有限公司,泰通能源,新三板,"""节能减排服务提供商""","""成立于2003年9月，目前新三板""",http://www.hnttny.cn/,""" 企业服务 其他企业服务 环保技术""","""泰通能源是一家节能减排服务提供商，依托被动式微尺度相变传热技术与热压转换高强度传热技术等技术，专注于能源项目风险投资、运行管理、工艺优化管理、节能减排服务及余热发电等业务，覆盖半导体照明、大型数据中心、移动基站、电力电子设备、新能源汽车等能源领域，并为冶金、石化、煤化工等领域的用户提供综合节能解决方案。""",2003.9,300-500人,1,柳谦,董事长,"""柳谦，湖南泰通能源管理股份有限公司董事长。""",https://www.itjuzi.com/company/33403158
新乡西玛鼓风机股份有限公司,西玛风机,新三板,"""风机制造商""","""成立于2008年11月，目前新三板""",http://www.simoxg.com/,""" 企业服务 其他企业服务 燃料 金属材料 油气 矿产资源 石油 煤炭 化学化工 能源电力""","""西玛风机是一家风机制造商，主要产品包括大流量风机、中压风机、高压风机系列、定制重型风机、专用风机等，适用于于电力、建材、煤炭、石油、化工、冶金、工业炉窑等行业。""",2008.11,150-300人,1,孙学平,董事长,"""孙学平，新乡西玛鼓风机股份有限公司董事长。""",https://www.itjuzi.com/company/33403088
廊坊市天鹏牧业股份有限公司,天鹏牧业,新三板,"""生猪养殖生产商""","""成立于2008年12月，目前新三板""",http://,""" 企业服务 其他企业服务 畜牧业 农业生产及加工""","""天鹏牧业是一家生猪养殖生产商，主要从事种公猪、种母猪的繁殖、培育，以及哺乳仔猪、断奶仔猪的饲养管理和后备猪的养殖、销售等业务，产品包括肉猪、种猪、哺乳仔猪等，同时面向用户提供产品咨询、生猪疾病预防等服务。""",2008.12,150-300人,1,吴春林,董事长,"""吴春林，廊坊市天鹏牧业股份有限公司董事长。""",https://www.itjuzi.com/company/33402931
福建正茸农业科技股份有限公司,正茸科技,新三板,"""瓶栽杏鲍菇生产商""","""成立于2010年4月，目前新三板""",http://www.zhengrongny.com,""" 企业服务 其他企业服务 农业生产及加工""","""正茸科技是一家瓶栽杏鲍菇生产商，集食用菌研发、菌种繁育、食用菌营销、贮藏保鲜及初、精深加工等为一体，产品包括有机瓶栽杏鲍菇、海鲜菇、金针菇（秀珍菇）、香菇等，并远销香港、澳门、东南亚、欧盟、美国等国家和地区。""",2010.4,150-300人,1,缪连芳,董事长,"""缪连芳，福建正茸农业科技股份有限公司董事长。""",https://www.itjuzi.com/company/33403495
北京兴汉网际股份有限公司,兴汉网际,新三板,"""智能应用系统提供商""","""成立于2006年9月，目前新三板""",http://www.nexsec.cn,""" 企业服务 其他企业服务 信息安全 网络安全""","""兴汉网际是一家智能应用系统提供商，业务涵盖工业计算机、智能系统、移动车载电脑、网络安全平台、智慧医疗、智能数字视频监控等领域，致力于为用户提供行业解决方案与服务并建构全球服务网络。""",2006.9,300-500人,1,杨建兴,董事长,"""杨建兴，北京兴汉网际股份有限公司董事长。""",https://www.itjuzi.com/company/33402885
智壳信息技术（上海）有限公司,车车网,天使轮,"""二手车金融服务提供商""","""成立于2018年5月，目前天使轮""",http://www.carcar.com,""" 汽车交通 汽车金融 二手车 汽车后服务 二手车金融""","""车车网是一家专注于汽车金融产业链的互联网科技企业。
通过二手车零售金融为入口，连接经销商、消费者和金融机构，为消费者提供多样化的购车方案选择和优质的购车体验。""",2018.5,30-50人,1,严中海,董事长,"""香港大学金融学硕士
2013年度中国经济创新人物""",https://www.itjuzi.com/company/33391563
湖南诚源电器股份有限公司,诚源电器,新三板,"""户外箱式变电站制造商""","""成立于2007年1月，目前新三板""",http://www.cydq.net,""" 企业服务 其他企业服务 电子元器件 电气设备 工业自动化 消防设备 机器人研发及生产""","""诚源电器是一家户外箱式变电站制造商，专注于从事输配电高低压成套开关设备、消防控制设备、工业自动化控制设备的研发与设计，旗下主要产品包括配电箱、箱式变电站、智能自动化控制系统等。""",2007.1,300-500人,1,肖团胜,董事长,"""肖团胜，湖南诚源电器股份有限公司董事长。""",https://www.itjuzi.com/company/33402821
河南昊昌精梳机械股份有限公司,昊昌精梳,新三板,"""成套精梳设备制造商""","""成立于2014年3月，目前新三板""",http://www.chinahaochang.com/,""" 企业服务 其他企业服务 专用设备""","""昊昌精梳是一家成套精梳设备制造商，主营产品包括HC181A条并卷联合机、HC500、HC600型高速精梳机等，其产品具有速度快、振动小、消耗少等特点。同时公司还代理国外SKF、FAG、INA、NSK等产品。""",2014.3,100-150人,1,马驰,董事长,"""马驰，河南昊昌精梳机械股份有限公司董事长。""",https://www.itjuzi.com/company/33402722
河北大麦汽车维修服务有限公司,大唛养车,战略投资,"""工业化养车连锁品牌""","""成立于2017年9月，1位投资人，总融资额约2152万人民币""",http://www.damaiyangche.cn/page/html/,""" 汽车交通 汽车后服务 汽车保养 汽车后市场""","""大唛养车是一个工业化养车连锁品牌，致力于为消费者提供高品、低价的工业化汽车保养服务。未来三年将在全国范围内开设超千家直管连锁店。
""",2017.9,30-50人,1,刘涌杰,CEO,"""刘涌杰，大唛养车CEO。""",https://www.itjuzi.com/company/33402686
重庆市博恩软件股份有限公司,博恩软件,新三板,"""金融科技综合解决方案提供商""","""成立于2003年7月，目前新三板""",http://www.cqbornsoft.com,""" 企业服务 其他企业服务 金融大数据 农业金融""","""博恩软件是一家金融科技综合解决方案提供商，专注于金融科技(Fintech)系统的设计、研发、搭建、运营、数据监控和大数据服务，推出消费金融系统、电商体系、金控3.0、政银企公共金融服务平台、互联网金融及博恩云等科技金融解决方案，同时为农业企业打造电子商务云平台―美人蕉。""",2003.7,300-500人,1,江华森,董事长,"""江华森，重庆市博恩软件股份有限公司董事长。""",https://www.itjuzi.com/company/33403221
甘肃壹运动健身管理股份有限公司,壹运动,新三板,"""健身服务及场馆运营提供商""","""成立于2014年3月，目前新三板""",http://,""" 企业服务 其他企业服务 健身 体育运动 体育运动器械 大众健身 体育场馆 场馆/赛事/培训 健身场馆 康""","""壹运动是一家健身服务及场馆运营提供商，主要经营健身服务及相关信息咨询服务、体育场馆的运营业务，同时经营日用百货、运动服装、健身器材的零售批发业务，致力于为用户提供健身指导方案和健身设备。""",2014.3,150-300人,1,赵涛,董事长,"""赵涛，甘肃壹运动健身管理股份有限公司董事长。""",https://www.itjuzi.com/company/33402609
深发工艺红木（深圳）股份有限公司,深发红木,新三板,"""红木家具研发制造商""","""成立于2009年6月，目前新三板""",http://www.shenfat.com/introduce.html?introID=35098,""" 企业服务 其他企业服务 建筑材料 家居家具""","""深发红木是一家红木家具研发制造商，公司业务集设计、开发、销售于一体，专注于红木材质的家具领域，产品种类有红木仿古产品、客厅桌椅、餐厅桌椅、书房桌椅等。除此之外公司还建设红木艺术体验馆，该艺术体验馆陈设了深发30多年的精华产品，并设有亚太地区手工艺师工作室、名家书画创作室、市民红木制作体验等。""",2009.6,300-500人,1,张祝林,董事长,"""张祝林，深发工艺红木(深圳)股份有限公司董事长。""",https://www.itjuzi.com/company/33402428
广西华讯信息技术股份有限公司,华讯信息,新三板,"""生物质行业信息及软件开发服务提供商""","""成立于2005年6月，目前新三板""",http://www.castor-oils.com/,""" 企业服务 其他企业服务""","""华讯信息是一家生物质行业信息及软件开发服务提供商，旗下主营业务包括基于生物质行业，通过运营“华讯松香”网等生物质行业专业网站，向用户提供行业的市场信息和行业深度研究服务及网站建设、软件产品等服务。""",2005.6,150-300人,1,黄晓东,创始人,"""黄晓东，广西华讯信息技术股份有限公司创始人。""",https://www.itjuzi.com/company/33402155
力诺电力集团股份有限公司,力诺电力,新三板,"""太阳能光伏电站运营商""","""成立于2002年11月，目前新三板""",http://www.linuosp.com/,""" 企业服务 其他企业服务 新能源 交通建设 能源发电 太阳能""","""力诺电力是一家太阳能光伏电站运营商，主要从事太阳能光伏电站的投资建设、光伏项目设计、咨询、总承包和太阳能光伏应用产品的推广应用，产品包括光伏发电系统、太阳能路灯、太阳能交通系统、便携式电源等，远销欧美、日韩、非洲、澳大利亚、东南亚等国家和地区。""",2002.11,300-500人,1,周广彦,总经理,"""周广彦，力诺电力集团股份有限公司总经理。""",https://www.itjuzi.com/company/33402079
东莞市冬驭新材料股份有限公司,冬驭新材,新三板,"""电子产品散热材料研发商""","""成立于2014年1月，目前新三板""",http://www.dgdongyu.com,""" 企业服务 其他企业服务 LED 通信设备 照明灯具 材料 材料研发 材料设备 非金属矿 家电 半导体/元器件 屏幕面板""","""冬驭新材是一家电子产品散热材料研发商，针对智能手机、平板电脑、显示屏、LED照明及各种移动电子设备等电子产品提供一站式散热解决方案；为用户提供人工高导石墨散热膜、天然石墨，纳米碳铜箔等系列产品。""",2014.1,100-150人,1,杨红梅,董事长,"""杨红梅，东莞市冬驭新材料股份有限公司董事长。""",https://www.itjuzi.com/company/33402007
昆山玮硕恒基智能科技股份有限公司,玮硕恒基,新三板,"""转轴研发商""","""成立于2009年5月，目前新三板""",http://www.cnvoso.com/,""" 企业服务 其他企业服务 电子元器件""","""玮硕恒基是一家转轴研发商，专注于从事冲压电子零件的研发与设计，旗下产品包括自动闭合型结构、普通弹片型结构、易开合型结构、LCD结构、三轴式结构等转轴，主要应用于笔记本电脑、数码相机、DVD以及学习机等。""",2009.5,300-500人,1,周芝福,董事长,"""周芝福，昆山玮硕恒基智能科技股份有限公司董事长。""",https://www.itjuzi.com/company/33401916
天津联博化工股份有限公司,联博化工,新三板,"""二氧化碳及其他工业气体生产商""","""成立于1999年12月，目前新三板""",http://www.lbco2.com,""" 企业服务 其他企业服务 食品添加剂 化学化工""","""联博化工是一家二氧化碳及其他工业气体生产商，集产品的研发、生产、销售于一体，主要生产食品添加剂液体二氧化碳、高纯级异丁烷、干冰、标准及高纯气体等产品，广泛应用于啤酒饮料、食品药品加工等行业。""",1999.12,300-500人,1,薛定,董事长,"""薛定，天津联博化工股份有限公司董事长。""",https://www.itjuzi.com/company/33401854
深圳市创想光电股份有限公司,创想光电,新三板,"""LED照明产品制造商""","""成立于2011年2月，目前新三板""",http://szcxgd.58.com.cn,""" 企业服务 其他企业服务 电子元器件 LED 光电 电源 照明灯具 能源工业 半导体/元器件""","""创想光电是一家LED照明产品制造商，集研发、生产、销售、服务于一体，依托自主研发的光源封装技术和应用产品研发技术，研发了LED电源、LED贴片灯珠、LED配件、LED安全灯等产品，广泛应用于LED元件、家庭照明、商业照明、工程应用等照明领域。""",2011.2,150-300人,1,张兵,董事长,"""张兵，深圳市创想光电股份有限公司董事长。""",https://www.itjuzi.com/company/33401744
成都隆盛新材料股份有限公司,隆盛新材,新三板,"""催化剂及高分子合成材料生产商""","""成立于2007年8月，目前新三板""",http://,""" 企业服务 其他企业服务 材料 高分子材料 化工合成材料 化学制品""","""隆盛新材是一家催化剂及高分子合成材料生产商，专注于催化剂、新型高分子合成材料和化工产品的研发、制造与销售，产品有铜催化剂及助剂，主要应用于直接法合成有机硅单体。""",2007.8,150-300人,1,陈思源,董事长,"""陈思源，成都隆盛新材料股份有限公司董事长。""",https://www.itjuzi.com/company/33401623
甘肃凯凯农业科技发展股份有限公司,凯凯农科,新三板,"""马铃薯种植服务提供商""","""成立于2009年9月，目前新三板""",http://www.gskknk.com/index.html,""" 企业服务 其他企业服务 农业种植 农业生产及加工""","""凯凯农科是一家马铃薯种植服务提供商，集马铃薯脱毒苗、原原种和原种、一级种育于一体，为用户提供新大坪、大西洋、费乌瑞它、夏波蒂、克星系列、陇薯系列、青薯系列等品种，业务覆盖内蒙、黑龙江、河北、山东、河南、青海等十一个省市。""",2009.9,300-500人,1,李恺,董事长,"""李恺，甘肃凯凯农业科技发展股份有限公司董事长。""",https://www.itjuzi.com/company/33401565
湖南洪盛源油茶科技股份有限公司,洪盛源,新三板,"""油茶产业化运营商""","""成立于2007年3月，目前新三板""",http://www.hnhsyyc.com/,""" 企业服务 其他企业服务 农产品加工""","""洪盛源是一家油茶产业化运营商，致力于有机茶籽油系列产品的生产、销售，旗下拥有油茶林新造油料基地以及油茶苗木骨干中心苗圃，产品主要包括洪盛源茶油、洪盛源山茶油、野生茶籽油等。""",2007.3,150-300人,1,向纪华,董事长,"""向纪华，湖南洪盛源油茶科技股份有限公司董事长。""",https://www.itjuzi.com/company/33401416
厦门欧贝传动科技股份有限公司,欧贝传动,新三板,"""轴承部件制造商""","""成立于2006年5月，目前新三板""",http://www.obeeindustry.com/,""" 企业服务 其他企业服务 电气设备 光电设备""","""欧贝传动是一家轴承部件制造商，主要产品包括滚子和滚针轴承、滚珠轴承、滑动轴承和轴承单元等，广泛应用于工程机械、动力传动、起重机、搬运设备、电机和电气设备等领域，同时为各领域的用户提供定制解决方案、轴承选择、额定负载和寿命、轴承负荷计算等服务。""",2006.5,150-300人,1,彭良勇,董事长,"""彭良勇，厦门欧贝传动科技股份有限公司董事长。""",https://www.itjuzi.com/company/33401298
青岛三木水产股份有限公司,三木水产,新三板,"""水产养殖加工商""","""成立于2002年8月，目前新三板""",http://www.sanmuseafood.com/,""" 企业服务 其他企业服务 渔业 畜牧业 农产品加工""","""三木水产是一家水产养殖加工商，集鱼苗培育、水产养殖、初加工、生产销售等于一体，核心产品包括太平洋比目鱼、红多利鱼、青衣鱼、狗鲑、红鲑全去脂段等，同时面向用户提供水产咨询、产品冷链配送等服务。""",2002.8,300-500人,1,韩岩,创始人,"""韩岩，青岛三木水产股份有限公司创始人。""",https://www.itjuzi.com/company/33401362
珠海雅莎生物科技股份有限公司,雅莎股份,新三板,"""医学护肤品及医疗器械研发商""","""成立于2009年3月，目前新三板""",http://www.yashaer.com/,""" 企业服务 其他企业服务 医疗设备 美容 医疗器械""","""雅莎股份是一个医学护肤品及医疗器械研发商，主要从事生物医疗器械研发、干细胞研究（皮肤再生）、皮肤屏障修复敷料和医学护肤品的研发等业务，旗下拥有雅莎尔、复因、ZQ-II三大品牌，产品包括ZQ-II抗衰祛皱、复因皮肤屏障修复乳、雅莎尔医学舒敏系列等。""",2009.3,150-300人,1,钱捷豪,董事长,"""钱捷豪，珠海雅莎生物科技股份有限公司董事长。""",https://www.itjuzi.com/company/33401233
湖南软神科技股份有限公司,软神股份,新三板,"""计算机软件开发和信息系统集成服务提供商""","""成立于2002年9月，目前新三板""",http://www.empiresoft.net.cn,""" 企业服务 其他企业服务 信息安全 数据安全""","""软神股份是一家计算机软件开发和信息系统集成服务提供商，主营业务包括软件产品、云计算与大数据安全、涉密信息系统等，为用户提供殡葬管理系统、婚姻登记管理系统、老龄业务系统的产品。""",2002.9,150-300人,1,唐罗生,CEO,"""唐罗生，湖南软神科技股份有限公司CEO。""",https://www.itjuzi.com/company/33401154
深圳市昶檀净化科技股份有限公司,昶檀股份,新三板,"""无尘室整体工程开发商""","""成立于2004年1月，目前新三板""",http://www.changtan.cn,""" 企业服务 其他企业服务 检测认证""","""昶檀股份是一家无尘室整体工程开发商，专注于空气净化系统工程设计、装修装饰、防尘、防腐、防滑和耐磨工程的施工及技术咨询服务，并取得了质量管理体系认证证书，主要涉及新能源电池、光电产业、医院和疾病中心等领域。""",2004.1,300-500人,1,吴勇,董事长,"""吴勇，深圳市昶檀净化科技股份有限公司董事长。""",https://www.itjuzi.com/company/33401100
四川珠峰药业有限公司,珠峰药业,战略投资,"""生物医药研发生产商""","""成立于2002年5月，1位投资人，总融资额约1.2亿人民币""",http://www.sczfyy.com/WebSite/PageBody,""" 医疗健康 生物技术和制药 生物制药 药品生产 医药中间体""","""珠峰药业是一家以高新技术产品为支柱，主要从事生物中间体、藏药、中西药等产品的研发、生产和销售的企业。""",2002.5,2000人以上,1,吴杰,董事长,"""吴杰，珠峰药业董事长。""",https://www.itjuzi.com/company/33401023
山西晋龙养殖股份有限公司,晋龙股份,新三板,"""蛋鸡养殖企业""","""成立于2005年12月，目前新三板""",http://www.sxjhxq.cn/,""" 企业服务 其他企业服务 畜牧业 农业生产及加工""","""晋龙股份是一家蛋鸡养殖企业，下属有晋华、均和、吴嘱、西位四个蛋鸡养殖场，结合相关科技，采用现代化蛋鸡养殖技术，公司主要产品包括：六无蛋、初产蛋、宝宝蛋、六高蛋、富硒蛋等。""",2005.12,300-500人,1,王昌虹,总经理,"""王昌虹，山西晋龙养殖股份有限公司总经理。""",https://www.itjuzi.com/company/33400966
珠海菲高科技股份有限公司,菲高科技,新三板,"""五金制品及自动化设备研发商""","""成立于2012年9月，目前新三板""",http://,""" 企业服务 其他企业服务 工业自动化 高分子材料 化工合成材料 化工制品 橡塑制品""","""菲高科技是一家五金制品及自动化设备研发商，主要从事五金制品、电子产品、自动化设备等产品的研发、生产及销售，同时该公司还涉及商业批发、零售，主要批发产品包括塑料制品、整熨设备、温控设备等。""",2012.9,150-300人,1,于顺亮,董事长,"""于顺亮，珠海菲高科技股份有限公司董事长。""",https://www.itjuzi.com/company/33400883
青岛新锦桥电子商务股份有限公司,锦桥电商,新三板,"""纺织原料B2B交易平台""","""成立于2013年12月，目前新三板""",http://www.sinotex.cn,""" 企业服务 其他企业服务 纺织工业""","""锦桥易纱网是一个纺织原料B2B交易平台，采用集采直销的模式为纺织行业上下游用户提供一站式供应链解决方案，同时为用户提供进口纱、新疆纱、内地纱的交易服务，主要产品有机织用纱、针织用纱、普梳纱、精梳纱。""",2013.12,150-300人,1,张晓明,董事长,"""张晓明，青岛新锦桥电子商务股份有限公司董事长。""",https://www.itjuzi.com/company/33400785
苏州市宏宇环境科技股份有限公司,宏宇环境,新三板,"""综合性环境咨询服务公司""","""成立于2003年11月，目前新三板""",http://www.jshongyu.cn/,""" 企业服务 其他企业服务 检测认证 环保工程""","""宏宇环境是一家综合性环境咨询服务公司，专注于为企业环境保护领域提供环保咨询服务，主要从事环境咨询、污染场地调查评估与修复治理、环境检测、环保工程等环保类业务，同时建立了第三方环境检测实验室，可以为土壤和地下水污染的生物降解方法修复工作提供技术支持。""",2003.11,300-500人,1,孙加山,董事长,"""孙加山，苏州市宏宇环境科技股份有限公司董事长。""",https://www.itjuzi.com/company/33400582
云南金彩视界影业股份有限公司,金彩影业,新三板,"""影视剧投资出品服务提供商""","""成立于2014年1月，目前新三板""",http://,""" 企业服务 其他企业服务 电影 电视 网络影视""","""金彩影业是一家影视剧投资出品服务提供商，业务范围覆盖电视剧、电影、网剧、网络大电影等领域，公司投资、参与出品电视剧包括《我的仨妈俩爸》、《神鹰反恐战队之猎影》、《空天猎》等。""",2014.1,100-150人,1,杨于明,董事长,"""杨于明，云南金彩视界影业股份有限公司董事长。""",https://www.itjuzi.com/company/33400528
中软天辰信息科技（北京）股份有限公司,中软天辰,新三板,"""软硬件结合的IT服务提供商""","""成立于2012年9月，目前新三板""",http://www.chinasvapp.cn/,""" 企业服务 其他企业服务 硬件研发""","""中软天辰是一家软硬件结合的IT服务提供商，为用户提供WEB网站建设、移动手机APP开发、化APP定制开发、硬件底层搭建、硬件开发、智慧城市等服务，致力于为用户提供移动互联网软件开发和解决方案。""",2012.9,150-300人,1,熊娟,董事长,"""熊娟，中软天辰信息科技(北京)股份有限公司董事长。""",https://www.itjuzi.com/company/33400481
广东启慧教育投资股份有限公司,启慧教育,新三板,"""职业培训服务提供商""","""成立于2008年10月，目前新三板""",http://t2439342875953152.trade86.com.cn/shop/1/PC/,""" 企业服务 其他企业服务 职业培训 教育综合服务 学校/院校""","""启慧教育是一家职业培训服务提供商，主要致力于对职业学校教育、职业培训进行投资和经营管理，旗下有启航技校和诺安培训学校，并正在向网络职业教育和人力资源服务市场进行拓展。""",2008.10,300-500人,1,张秀成,创始人,"""张秀成，广东启慧教育投资股份有限公司创始人。""",https://www.itjuzi.com/company/33400407
徐州北盟物流有限公司,徐州北盟物流,已被收购,"""货运仓储物流企业""","""成立于2013年4月，目前已被收购，1位投资人""",http://,""" 物流 货运物流 仓储服务""","""徐州北盟物流是一家从事普通货运，仓储服务等业务的物流企业。""",2013.4,300-500人,1,魏联善,CEO,"""魏联善，徐州北盟物流CEO。""",https://www.itjuzi.com/company/33400333
广州安诺科技股份有限公司,安诺科技,新三板,"""快筛快检相关产品研发商""","""成立于2014年10月，目前新三板""",http://www.quickcheck.com.cn/,""" 企业服务 其他企业服务 检测认证 农药化肥 化学化工 农药兽药""","""安诺科技是一家快筛快检相关产品研发商，该公司主要生产快筛试剂盒、多功能食品安全检测一体机、农药残留速测仪、快检车、快检室等系列产品，可应用于食品、医疗、农业等相关领域。""",2014.10,100-150人,1,杨松林,总经理,"""杨松林，广州安诺科技股份有限公司总经理。""",https://www.itjuzi.com/company/33400274
长兴大唐贡茶院文化发展股份有限公司,大唐文化,新三板,"""古代茶厂景区""","""成立于2008年7月，目前新三板""",http://www.cxdatang.com/,""" 企业服务 其他企业服务 景区运营 旅游资源运营商""","""大唐贡茶院是一个古代茶厂景区，始建于唐大历五年，即公元770年，由陆羽阁、禅茶一味、东廊、西廊四个部分组成；旗下主要涵盖茶文化交流活动策划、组织、展览展示服务、礼仪服务、茶文化旅游开发、茶叶、茶具及日用品销售等。""",2008.7,300-500人,1,汪晴美,董事长,"""汪晴美，长兴大唐贡茶院文化发展股份有限公司董事长。""",https://www.itjuzi.com/company/33400194
雅安星河农业科技有限责任公司,星河农业,尚未获投,"""农业综合服务提供商""",,http://,""" 农业 综合农业 农机农资及装备 农技服务 农作物 农业种植 农业金融""","""星河农业主要从事化肥、农药、种子、农机农具销售；种植技术、植保飞防、金融保险、农产品开发以及农产品上行。与京东及乐农道签署协议，代理京东农业服务中心在雅安的市场开发。""",2018.1,15-30人,1,何刚文,总经理,"""2009年9月-2012年6月，四川国际标榜职业学院 工商企业管理专业毕业。2011年实习期间加入京东，任职京东雅安站配送员，从事包裹配送工作。2012年1-3月，晋升双流站站长助理，协助双流站站长管理站点日常运营。2012年3月至2014年12月，晋升雅安站站长，管理雅安站日常运营。2015年1月至12月，任职川南片区一组组长，管理雅安市、凉山州、甘孜州、攀枝花市各站点的开发新建和日常运营管理。2016年1月至2018年3月，任职川西片区雅安组组长，管理雅安市及甘孜州各站点日常运营。2018年创立雅安星河农业科技有限责任公司""",https://www.itjuzi.com/company/33400122
多歌信息技术（上海）有限公司,多歌信息,尚未获投,"""云通讯机构""",,http://www.yxjcloud.com/,""" 企业服务 销售营销 云通讯""","""多歌信息是一家云通讯机构，致力于云通讯服务和一站式营销系统的研发，并先后推出了营销自动化系统、天地行微营销系统和营销家云总机等创新形的云通讯营销产品。""",2010.11,30-50人,1,刘明,联合创始人,"""刘明。多歌信息技术（上海）有限公司联合创始人""",https://www.itjuzi.com/company/33399948
中机试验装备股份有限公司,中机试验,新三板,"""工程试验设备和材料试验解决方案提供商""","""成立于2000年5月，目前新三板""",http://www.ccss.com.cn/,""" 企业服务 其他企业服务 检测认证 材料研发 材料设备""","""中机试验是一家工程试验设备和材料试验解决方案提供商，主营业务包括试验装备检测、工程贸易、检验检测服务、校正自动化装备等，服务内容覆盖单元部件开发、定型产品制造、个性化专机产品定制、试验室整体承建的全产业链。""",2000.5,300-500人,1,马敬春,董事长,"""马敬春，中机试验装备股份有限公司董事长。""",https://www.itjuzi.com/company/33399876
河南烨达新材科技股份有限公司,烨达新材,新三板,"""柔性耐磨材料研发商""","""成立于2005年5月，目前新三板""",http://www.hnyeda.com/,""" 企业服务 其他企业服务 新材料 材料 材料研发""","""烨达新材是一家柔性耐磨材料研发商，公司主要产品包括黑刚玉段砂、黑刚玉粒度砂和黑刚玉微粉、镀衣白刚玉、白刚玉粒度砂、煅烧棕刚玉等，产品广泛应用于核电行业、航空、3C产品等领域。""",2005.5,150-300人,1,吕凤鸣,CEO,"""吕凤鸣，河南烨达新材科技股份有限公司CEO。""",https://www.itjuzi.com/company/33400039
广东影众文化传媒股份有限公司,影众传媒,新三板,"""广告传媒服务提供商""","""成立于2010年6月，目前新三板""",http://www.insoonfs.com,""" 企业服务 其他企业服务 娱乐营销 品牌营销 营销手段 企业营销""","""影众传媒是一家广告传媒服务提供商，为用户提供广告媒体、文化赛事、活动策划、品牌推广等服务，并通过建设城市媒介网络、举办体育赛事、文化活动、以及定制品牌活动等，致力于为用户提供品牌营销服务。""",2010.6,150-300人,1,郭武杰,董事长,"""郭武杰，广东影众文化传媒股份有限公司董事长。""",https://www.itjuzi.com/company/33399570
濮阳绿宇新材料科技股份有限公司,绿宇新材,新三板,"""三聚氰胺泡沫塑料研发商""","""成立于2008年3月，目前新三板""",http://www.melaminefoam.com.cn/,""" 企业服务 其他企业服务 材料 橡塑制品""","""绿宇新材是一家三聚氰胺泡沫塑料研发商，该公司主要生产软包材料、隔热材料、防火海绵等系列产品，可应用于建筑、轨道交通、航天航空等相关领域，此外公司为用户提供艺术软包等设计服务。""",2008.3,300-500人,1,陈言胜,董事长,"""陈言胜，濮阳绿宇新材料科技股份有限公司董事长。""",https://www.itjuzi.com/company/33399451
北京大生时代科技有限公司,麦斯数学,Pre-A轮,"""在线精品小班教学""","""成立于2014年8月，目前Pre-A轮，1位投资人，总融资额约3000万人民币""",http://www.imaisi.com/,""" 教育 儿童早教""","""麦斯数学由清华学霸妈妈创办，严选北京一线名师授课，采用美国主流PBL任务式教学法，1对16人在线精品小班教学，是专注力、参与度极高，互动体验超强的高效课堂。
麦斯数学通过“同伴学习、竞争协作”课堂氛围的营造、完善教学服务闭环的打造，使孩子在学习过程中逐渐形成独立自主的学习能力，增强孩子克服困难的勇气，最终实现思维能力与成绩双丰收。""",2014.8,15-30人,1,舒婷,创始人,"""舒婷，麦斯数学创始人，于清华本科毕业，后在东京大学获得硕士学位，参与了 51Talk 从创立到上市的全过程。""",https://www.itjuzi.com/company/33399318
山西晋坤矿产品股份有限公司,晋坤股份,新三板,"""高岭土材料研发商""","""成立于2002年11月，目前新三板""",http://www.anpeak.com.cn/,""" 企业服务 其他企业服务 材料 材料研发 高分子材料 非金属矿物制品业 建筑材料""","""晋坤股份是一家高岭土材料研发商，该公司主要生产通用型煅烧高岭土、电线电缆专用高岭土、经典特殊用途高岭土、水泥专用高岭土、橡胶塑料专用高岭土，以及特殊化学品等，主要用于造纸、涂料、油漆、电线电缆等行业。""",2002.11,300-500人,1,曹永新,董事长,"""曹永新，山西晋坤矿产品股份有限公司董事长。""",https://www.itjuzi.com/company/33399099
深圳市优必选科技有限公司,优必选科技,C+轮,"""一家机器人技术公司""","""成立于2012年3月，目前C+轮，33位投资人，总融资额约80.8亿人民币""",http://www.ubtrobot.com/,""" 硬件 机器人 人机交互 智能制造 智慧商业 智能机器人 商用机器人 家用机器人 智能交互 机器人技术 机器人产品 技术层 行业应用层""","""优必选科技成立于2012年，是一家集人工智能和人形机器人研发、平台软件开发运用及产品销售为一体的全球性高科技企业。2008年，优必选从人形机器人的核心源动力伺服舵机研发起步，逐步推出了消费级人形机器人、商业人形机器人和Jimu机器人相关产品。2018年，优必选估值50亿美元。""",2012.3,100-150人,1,周剑,CEO,"""周剑，优必选创始人、CEO。2008年开始从日本回国后进行机器人的研究，2012年成立了优必选公司，专注于智能家庭机器人的研发。""",https://www.itjuzi.com/company/17975
深圳市优必选科技有限公司,优必选科技,C+轮,"""一家机器人技术公司""","""成立于2012年3月，目前C+轮，33位投资人，总融资额约80.8亿人民币""",http://www.ubtrobot.com/,""" 硬件 机器人 人机交互 智能制造 智慧商业 智能机器人 商用机器人 家用机器人 智能交互 机器人技术 机器人产品 技术层 行业应用层""","""优必选科技成立于2012年，是一家集人工智能和人形机器人研发、平台软件开发运用及产品销售为一体的全球性高科技企业。2008年，优必选从人形机器人的核心源动力伺服舵机研发起步，逐步推出了消费级人形机器人、商业人形机器人和Jimu机器人相关产品。2018年，优必选估值50亿美元。""",2012.3,100-150人,2,熊友军,CTO,"""熊友军， 优必选科技联合创始人、CTO。华中科大机器人遥控操作技术及控制专业博士，从事机器人研发、管理十余年，负责完成多项科技部创新基金项目、国家863计划项目。作为中国机器人代表团团长多次带队参加全球机器人大赛，获得8个世界冠军，6个亚军。""",https://www.itjuzi.com/company/17975
深圳市优必选科技有限公司,优必选科技,C+轮,"""一家机器人技术公司""","""成立于2012年3月，目前C+轮，33位投资人，总融资额约80.8亿人民币""",http://www.ubtrobot.com/,""" 硬件 机器人 人机交互 智能制造 智慧商业 智能机器人 商用机器人 家用机器人 智能交互 机器人技术 机器人产品 技术层 行业应用层""","""优必选科技成立于2012年，是一家集人工智能和人形机器人研发、平台软件开发运用及产品销售为一体的全球性高科技企业。2008年，优必选从人形机器人的核心源动力伺服舵机研发起步，逐步推出了消费级人形机器人、商业人形机器人和Jimu机器人相关产品。2018年，优必选估值50亿美元。""",2012.3,100-150人,3,王汝林,公司负责人,"""前TCL全球副总裁，超过19年的海内外营销、产品运营、供应链管理以及企业运营经验。""",https://www.itjuzi.com/company/17975
深圳市优必选科技有限公司,优必选科技,C+轮,"""一家机器人技术公司""","""成立于2012年3月，目前C+轮，33位投资人，总融资额约80.8亿人民币""",http://www.ubtrobot.com/,""" 硬件 机器人 人机交互 智能制造 智慧商业 智能机器人 商用机器人 家用机器人 智能交互 机器人技术 机器人产品 技术层 行业应用层""","""优必选科技成立于2012年，是一家集人工智能和人形机器人研发、平台软件开发运用及产品销售为一体的全球性高科技企业。2008年，优必选从人形机器人的核心源动力伺服舵机研发起步，逐步推出了消费级人形机器人、商业人形机器人和Jimu机器人相关产品。2018年，优必选估值50亿美元。""",2012.3,100-150人,4,曹宁,公司负责人,"""武汉大学信息管理专业博士，在南方证券长江巴黎百福勒和长江证券从事投资银行业务十余年。此前担任长江证券股权资本市场业务负责人，具有丰富的资本市场运作经验和卓越的业绩。""",https://www.itjuzi.com/company/17975
深圳市优必选科技有限公司,优必选科技,C+轮,"""一家机器人技术公司""","""成立于2012年3月，目前C+轮，33位投资人，总融资额约80.8亿人民币""",http://www.ubtrobot.com/,""" 硬件 机器人 人机交互 智能制造 智慧商业 智能机器人 商用机器人 家用机器人 智能交互 机器人技术 机器人产品 技术层 行业应用层""","""优必选科技成立于2012年，是一家集人工智能和人形机器人研发、平台软件开发运用及产品销售为一体的全球性高科技企业。2008年，优必选从人形机器人的核心源动力伺服舵机研发起步，逐步推出了消费级人形机器人、商业人形机器人和Jimu机器人相关产品。2018年，优必选估值50亿美元。""",2012.3,100-150人,5,刘明,公司负责人,"""同济大学硕士，曾任华为全球长期激励负责人和合益集团资深咨询总监，具有丰富的人力资源管理实践和咨询经验。""",https://www.itjuzi.com/company/17975
深圳市优必选科技有限公司,优必选科技,C+轮,"""一家机器人技术公司""","""成立于2012年3月，目前C+轮，33位投资人，总融资额约80.8亿人民币""",http://www.ubtrobot.com/,""" 硬件 机器人 人机交互 智能制造 智慧商业 智能机器人 商用机器人 家用机器人 智能交互 机器人技术 机器人产品 技术层 行业应用层""","""优必选科技成立于2012年，是一家集人工智能和人形机器人研发、平台软件开发运用及产品销售为一体的全球性高科技企业。2008年，优必选从人形机器人的核心源动力伺服舵机研发起步，逐步推出了消费级人形机器人、商业人形机器人和Jimu机器人相关产品。2018年，优必选估值50亿美元。""",2012.3,100-150人,6,王琳,公司负责人,"""英国伦敦大学玛丽皇后学院英语言文学硕士，国际金融与管理专业理学硕士，曾担任APEC某国代表团中国领队，后实习于英国KPMG公司，并参与创立多家企业，产品涉及机械、电子自动化等生产和服务领域。""",https://www.itjuzi.com/company/17975
深圳市优必选科技有限公司,优必选科技,C+轮,"""一家机器人技术公司""","""成立于2012年3月，目前C+轮，33位投资人，总融资额约80.8亿人民币""",http://www.ubtrobot.com/,""" 硬件 机器人 人机交互 智能制造 智慧商业 智能机器人 商用机器人 家用机器人 智能交互 机器人技术 机器人产品 技术层 行业应用层""","""优必选科技成立于2012年，是一家集人工智能和人形机器人研发、平台软件开发运用及产品销售为一体的全球性高科技企业。2008年，优必选从人形机器人的核心源动力伺服舵机研发起步，逐步推出了消费级人形机器人、商业人形机器人和Jimu机器人相关产品。2018年，优必选估值50亿美元。""",2012.3,100-150人,7,邓鹏,公司负责人,"""UC Berkeley硕士，在游戏和消费电子类初创公司运维方面经验丰富，15年品牌营销实战经验。""",https://www.itjuzi.com/company/17975
深圳市优必选科技有限公司,优必选科技,C+轮,"""一家机器人技术公司""","""成立于2012年3月，目前C+轮，33位投资人，总融资额约80.8亿人民币""",http://www.ubtrobot.com/,""" 硬件 机器人 人机交互 智能制造 智慧商业 智能机器人 商用机器人 家用机器人 智能交互 机器人技术 机器人产品 技术层 行业应用层""","""优必选科技成立于2012年，是一家集人工智能和人形机器人研发、平台软件开发运用及产品销售为一体的全球性高科技企业。2008年，优必选从人形机器人的核心源动力伺服舵机研发起步，逐步推出了消费级人形机器人、商业人形机器人和Jimu机器人相关产品。2018年，优必选估值50亿美元。""",2012.3,100-150人,8,陶大程,公司负责人,"""智能和信息科学领域国际知名学者，欧洲科学院院士，IEEE、IAPR、OSA、SPIE会士，IEEE SMC认知计算技术委员会前主席，澳洲国家科学最高荣誉奖项尤里卡奖获得者，被汤姆路透社评为工程与计算机科学领域高被引学者，获得“世界最具影响力科学思想”称号。""",https://www.itjuzi.com/company/17975
深圳市优必选科技有限公司,优必选科技,C+轮,"""一家机器人技术公司""","""成立于2012年3月，目前C+轮，33位投资人，总融资额约80.8亿人民币""",http://www.ubtrobot.com/,""" 硬件 机器人 人机交互 智能制造 智慧商业 智能机器人 商用机器人 家用机器人 智能交互 机器人技术 机器人产品 技术层 行业应用层""","""优必选科技成立于2012年，是一家集人工智能和人形机器人研发、平台软件开发运用及产品销售为一体的全球性高科技企业。2008年，优必选从人形机器人的核心源动力伺服舵机研发起步，逐步推出了消费级人形机器人、商业人形机器人和Jimu机器人相关产品。2018年，优必选估值50亿美元。""",2012.3,100-150人,9,鲍益新,副总裁,"""鲍益新，前360手机高级副总裁。""",https://www.itjuzi.com/company/17975
上海赛立特安全用品股份有限公司,赛立特,新三板,"""个人劳防产品研发商""","""成立于2004年5月，目前新三板""",http://www.safety-inxs.com,""" 企业服务 其他企业服务 安防设备 专用设备""","""赛立特是一家个人劳防产品研发商，该公司的产品分为防高温系列、防撞击系列、触摸系列、抓握系列、机械救援系列、军警和救援系列、防化系列等，可应用于石油、建筑等相关领域。""",2004.5,300-500人,1,赵卫,董事长,"""赵卫，上海赛立特安全用品股份有限公司董事长。""",https://www.itjuzi.com/company/33399062
北海诚钢矿业股份有限公司,诚钢矿业,新三板,"""建筑原料生产商""","""成立于2011年4月，目前新三板""",http://www.bhcgky.com/,""" 企业服务 其他企业服务 非金属矿物制品业 建筑材料""","""诚钢矿业是一家建筑原料生产商，公司主要生产普通水泥、矿渣微粉、预拌混凝土、预制构件、海工硅酸盐水泥等，同时公司业务还包括工程机械租赁、道路普通货物运输、普通货物装卸搬运等。""",2011.4,150-300人,1,李活远,董事长,"""李活远，北海诚钢矿业股份有限公司董事长。""",https://www.itjuzi.com/company/33399018
台州市交通工程试验检测中心股份有限公司,台州检测,新三板,"""交通系统检测服务提供商""","""成立于2012年9月，目前新三板""",http://,""" 企业服务 其他企业服务 检测认证""","""台州检测是一家交通系统检测服务提供商，主要服务内容包括工程原材料检测、外委试验、桩基现场检测以及交通工程交竣工检测，业务涵盖路基路面、桥梁、隧道、地基基础等领域。""",2012.9,150-300人,1,宋恋,总经理,"""宋恋，台州市交通工程试验检测中心股份有限公司总经理。""",https://www.itjuzi.com/company/33398977
成都双流积利热能科技股份有限公司,双流热能,新三板,"""热交换器生产商""","""成立于2002年7月，目前新三板""",http://cdqiling.com/,""" 企业服务 其他企业服务 金属材料 热力事业 能源电力""","""双流热能是一家热交换器生产商，公司主要产品包括全预混不锈钢冷凝式热交换器、单通道热交换器、环保型热交换器、壁挂炉热交换器、双通道热交换器以及相关组件等，同时经营产品及技术的出口贸易。""",2002.7,300-500人,1,杨启林,创始人,"""杨启林，成都双流积利热能科技股份有限公司创始人。""",https://www.itjuzi.com/company/33398887
中再生环境服务有限公司,中再环服,已被收购,"""污水处理技术服务商""","""成立于2014年12月，目前已被收购，1位投资人""",http://www.zzshjfw.com/,""" 企业服务 其他企业服务 污水处理 环境监测""","""中再环服是中国再生资源开发有限公司投资的全资子公司，承担着中再生的转型升级和创新发展环境服务板块的任务，是中再生面向全国，集运营管理、技术创新、项目投融资、资本运作为一体的总部平台。""",2014.12,300-500人,1,徐铁城,董事长,"""徐铁城，中再环服董事长。""",https://www.itjuzi.com/company/33398875
北京妙音动漫文化股份有限公司,妙音动漫,新三板,"""儿童传统文化动画制作商""","""成立于2002年6月，目前新三板""",https://shop64338361.taobao.com/,""" 企业服务 其他企业服务 动漫 动画制作 动漫制作""","""妙音动漫是一家儿童传统文化动画制作商，利用寓教于乐的形式，将儒、释、道等传统文化的精髓融入动画片中。创作动画作品有《中华弟子规》、《孝孝龙奇幻记》、《德行天下》等。""",2002.6,300-500人,1,董志刚,创始人,"""董志刚，北京妙音动漫文化股份有限公司创始人。""",https://www.itjuzi.com/company/33398854
深圳中深国投资产管理有限公司,中深国投,已被收购,"""共享办公服务商""","""成立于2015年12月，目前已被收购，1位投资人""",http://www.szzsgt.com/,""" 房产服务 商业房产""","""中深国投是一家共享办公服务商，致力于为企业和创新者提供舒适的办公环境，并打造优质的精英社交圈，协助企业更灵活、高效地开展商业活动。""",2015.12,50-100人,1,王隆祚,CEO,"""王隆祚，中深国投CEO。""",https://www.itjuzi.com/company/33398807
湖南宏福环保股份有限公司,宏福环保,新三板,"""环境技术产品及相关治理服务提供商""","""成立于2008年10月，目前新三板""",http://www.china-gsep.com/,""" 企业服务 其他企业服务 环保工程 污染治理 环保相关服务""","""宏福环保是一家环境技术产品及相关治理服务提供商，公司主要业务包括脱硫、脱硝、除尘、VOCS等大气治理服务；环境修复、垃圾处理等固废治理服务；工业废水零排放、重金属废水、市政污水等水处理服务，同时生产环保药剂、相关设备等，并提供工程总承包业务。""",2008.10,300-500人,1,谭福兵,董事长,"""谭福兵，湖南宏福环保股份有限公司董事长。""",https://www.itjuzi.com/company/33398717
山东兴润园林生态股份有限公司,兴润园林,新三板,"""园林绿化工程建设承包商""","""成立于2004年9月，目前新三板""",http://www.sdxryl.com,""" 企业服务 其他企业服务 园林园艺 园林建设""","""兴润园林是一家园林绿化工程建设承包商，公司拥有城市园林绿化工程总承包一级、市政公用工程总承包三级资质，主要业务涉及园林绿化工程设计施工、市政工程施工、山体景观修复以及绿化施工等。""",2004.9,300-500人,1,张忠峰,总经理,"""张忠峰，山东兴润园林生态股份有限公司总经理。""",https://www.itjuzi.com/company/33398579
河北润涛牧业科技股份有限公司,润涛科技,新三板,"""综合性农牧企业""","""成立于2012年4月，目前新三板""",http://runtaokeji.com,""" 企业服务 其他企业服务 畜牧业 农业种植""","""润涛科技是一家综合性农牧企业，集养殖技术开发、种羊培育、肉羊繁育、冷鲜肉销售、饲草种植、有机肥加工于一体，同时下设肉用种羊培育、肉羊繁育基地；河北润涛生物科技有限公司；河北籽润草业科技有限公司。""",2012.4,150-300人,1,王润申,董事长,"""王润申，河北润涛牧业科技股份有限公司董事长。""",https://www.itjuzi.com/company/33398796
微电互动（广州）网络科技股份有限公司,微电互动,新三板,"""社会化营销全案服务提供商""","""成立于2012年1月，目前新三板""",http://www.weixunyidong.com/,""" 广告营销 整合营销传播 社会化营销 微信营销 自媒体 广告平台 精准营销 新媒体营销 品牌营销 营销手段 自媒体营销 内容营销 企业营销""","""微电互动是一家社会化营销全案服务提供商，服务内容涵盖互联网品牌打造、企业新媒体矩阵的规划及建设、事件营销、自媒体大号资源的建设及维护、新媒体精准投放、微信定制化解决方案等六大板块。""",2012.1,150-300人,1,郑皓青,董事长,"""郑皓青，微电互动(广州)网络科技股份有限公司董事长。""",https://www.itjuzi.com/company/33398300
深圳市乐源实业股份有限公司,乐源股份,新三板,"""儿童早教机研发商""","""成立于2009年4月，目前新三板""",http://www.kxloye.com/,""" 企业服务 其他企业服务 机器人 亲子教育 英语学习 语言在线教育 早教 学前教育 家用机器人 机器人教育 通信设备 中小学教育 机器人产品 远程教育""","""深圳市乐源实业股份有限公司是一家儿童早教机研发商，其产品具有WiFi连接、在线下载、远程语音聊天、英语主讲、视频教学、双麦克风亲子互动等功能。用户通过手机APP可以同步中小学课本，选择免费或付费资源。并且还计划推出智能教育机器人。""",2009.4,300-500人,1,林志坚,董事长,"""林志坚，深圳市乐源实业股份有限公司董事长。""",https://www.itjuzi.com/company/33398173
郑州纺机自控设备股份有限公司,自控股份,新三板,"""纺织自控设备生产商""","""成立于2002年5月，目前新三板""",http://www.zzfjzk.com,""" 企业服务 其他企业服务 机器人研发及生产 纺织工业""","""自控股份是一家纺织自控设备生产商，主要产品涉及异纤分检机、高速无纺布分切机、化纤FDY长丝热牵伸辊、五轴联动伺服控制系统以及相关配件等，同时还为用户提供设备升级改造等服务。""",2002.5,300-500人,1,柏许民,董事长,"""柏许民，郑州纺机自控设备股份有限公司董事长。""",https://www.itjuzi.com/company/33398096
河南世界行国际旅行社股份有限公司,世界行,新三板,"""出境旅游服务运营商""","""成立于2008年4月，目前新三板""",http://sjxlxs.com/default.html,""" 旅游 旅游综合服务 酒店 签证服务 景点门票 境外游 旅游服务 旅游资源运营商 出行票务 住""","""世界行是一家出境旅游服务运营商，提供旅游线路、景点门票、酒店机票、代办签证等服务，线路涵盖泰国、越南、港澳、中东等地，旗下品牌涉及港澳行、普吉行、迪拜行、签证行、同行惠等。""",2008.4,300-500人,1,康国军,董事长,"""康国军，河南世界行国际旅行社股份有限公司董事长。""",https://www.itjuzi.com/company/33397846
郑州银行股份有限公司,郑州银行,已上市,"""区域性城市商业银行""","""成立于1996年11月""",http://www.zzbank.cn/,""" 金融 金融信息化 消费金融 信用及征信 信用卡 信用贷款 银行""","""郑州银行是一家区域性城市商业银行，主要为用户提供个人金融、公司金融、国际金融等方面的业务，具体包括储蓄贷款、资产负债、投行、国际汇款、信用卡等方面，致力于为用户提供优质的金融服务。""",1996.11,2000人以上,1,王天宇,董事长,"""王天宇，郑州银行董事长。""",https://www.itjuzi.com/company/33398231
江门市华锐铝基板股份公司,华锐基板,新三板,"""LED半导体照明产品生产商""","""成立于2013年12月，目前新三板""",http://www.huaruilj.com/,""" 企业服务 其他企业服务 新材料 LED 照明灯具 半导体/元器件 半导体""","""江门市华锐铝基板股份公司是一家LED半导体照明产品生产商，主要对接LED灯饰上市公司，通过并购重组的控股方式，打通LED行业上下游产业链，形成从铝板氧化、绝缘导热胶片生产、板料压制再到LED专用线路板生产的一体化平台企业，对行业生产线进行智能化改造，以大数据为依托，对LED上下游产业实施信息化战略，最终发展为LED产业内共赢的基础材料核心链。""",2013.12,150-300人,1,郭宗霞,董事长,"""郭宗霞，江门市华锐铝基板股份公司董事长。""",https://www.itjuzi.com/company/33397774
宁波攸品邻里商业管理股份有限公司,攸品邻里,新三板,"""综合性商业管理公司""","""成立于2013年8月，目前新三板""",http://,""" 企业服务 其他企业服务 物业管理""","""攸品邻里是一家综合性商业管理公司，前期专注于操作商业地产开发、持有物业招商及运营，现提供邻里中心商业定位、统一招商、专业运营、统一物业管理、居民服务等社区型商业管理服务。""",2013.8,150-300人,1,张时光,总经理,"""张时光，宁波攸品邻里商业管理股份有限公司总经理。""",https://www.itjuzi.com/company/33397666
优信互联（北京）信息技术有限公司,优信二手车,已上市,"""一家二手车竞拍网站""","""成立于2011年8月，19位投资人，总融资额约88.4亿人民币""",https://www.xin.com/beijing/,""" 汽车交通 二手车 车贷 汽车金融 二手车金融 连续获投""","""优信拍是专业提供二手车电子化竞价拍卖服务的供应商，核心业务是二手车网络拍卖平台，集竞价拍卖、车辆检测、安全支付、物流运输及售后服务代办为一体。""",2011.8,1000-2000人,1,戴琨,总裁,"""戴琨，优信拍、优信二手车创始人及COE，曾担任易车网副总裁，2011年离职创办优信拍；此前还曾供职于美国科特勒咨询公司。""",https://www.itjuzi.com/company/81
优信互联（北京）信息技术有限公司,优信二手车,已上市,"""一家二手车竞拍网站""","""成立于2011年8月，19位投资人，总融资额约88.4亿人民币""",https://www.xin.com/beijing/,""" 汽车交通 二手车 车贷 汽车金融 二手车金融 连续获投""","""优信拍是专业提供二手车电子化竞价拍卖服务的供应商，核心业务是二手车网络拍卖平台，集竞价拍卖、车辆检测、安全支付、物流运输及售后服务代办为一体。""",2011.8,1000-2000人,2,曾真,副总裁,"""优信拍副总裁。""",https://www.itjuzi.com/company/81
优信互联（北京）信息技术有限公司,优信二手车,已上市,"""一家二手车竞拍网站""","""成立于2011年8月，19位投资人，总融资额约88.4亿人民币""",https://www.xin.com/beijing/,""" 汽车交通 二手车 车贷 汽车金融 二手车金融 连续获投""","""优信拍是专业提供二手车电子化竞价拍卖服务的供应商，核心业务是二手车网络拍卖平台，集竞价拍卖、车辆检测、安全支付、物流运输及售后服务代办为一体。""",2011.8,1000-2000人,3,何朝霞,副总裁,"""优信拍副总裁。""",https://www.itjuzi.com/company/81
优信互联（北京）信息技术有限公司,优信二手车,已上市,"""一家二手车竞拍网站""","""成立于2011年8月，19位投资人，总融资额约88.4亿人民币""",https://www.xin.com/beijing/,""" 汽车交通 二手车 车贷 汽车金融 二手车金融 连续获投""","""优信拍是专业提供二手车电子化竞价拍卖服务的供应商，核心业务是二手车网络拍卖平台，集竞价拍卖、车辆检测、安全支付、物流运输及售后服务代办为一体。""",2011.8,1000-2000人,4,邱慧,CTO,"""邱慧，优信集团CTO，曾在微软亚洲研究院孵化过中国第一批LBS项目，后加入腾讯打造了QQ影音多款腾讯的明星产品。""",https://www.itjuzi.com/company/81
安徽汇能动力股份有限公司,汇能动力,新三板,"""城市集中供热服务公司""","""成立于2014年12月，目前新三板""",http://www.hndl.bbr.cn,""" 企业服务 其他企业服务 热力事业""","""安徽汇能动力股份有限公司是一家城市集中供热服务公司。公司专业从事城市集中供热（经营范围：蒸汽、蒸汽产品销售、热力管网运营及配套服务）及新能源开发业务。目前公司业务主要分布在蚌埠市禹会区、高新技术开发区，为区内工业企业、驻蚌军事院校、科研院所和部分城市居民生产、生活提供热能。""",2014.12,150-300人,1,吴雁,董事长,"""吴雁，安徽汇能动力股份有限公司董事长。""",https://www.itjuzi.com/company/33397530
辽宁华日高新材料股份有限公司,华日新材,新三板,"""密封材料研发商""","""成立于2012年5月，目前新三板""",http://,""" 企业服务 其他企业服务 新材料 材料 材料研发 复合材料 建筑材料 化工合成材料""","""华日新材是一家密封材料研发商，公司主要产品包括白色聚四氟乙烯泛塞封、填充四氟环、纯聚乙烯四氟异型件、复合聚四氟乙烯、碳纤毛坯环、特氟龙绳等，同时为用户提供售后等服务。""",2012.5,150-300人,1,刘晖,创始人,"""刘晖，辽宁华日高新材料股份有限公司创始人。""",https://www.itjuzi.com/company/33397365
深圳萌宠基因科技有限公司,萌宠基因,天使轮,"""宠物基因检测公司""","""成立于2016年10月，目前天使轮，总融资额约4875万人民币""",http://www.petgene.com.cn/,""" 医疗健康 医疗信息化 宠物服务 宠物医疗 基因检测 医疗专科服务 基因及生物技术 遗传病""","""萌宠基因是国内首家宠物基因检测公司，致力于使用先进的基因科技帮助宠物健康成长，科学的解决宠物配种、品种鉴定、身份认证、血统分析等问题，对宠物的遗传病进行检测并给出预防干预建议。""",2016.10,30-50人,1,王帆,创始人兼CEO,"""王帆，创始人兼CEO，是投资人出身，此前负责华侨城集团、康佳集团早期项目投资，主要关注医疗领域""",https://www.itjuzi.com/company/33397238
巴中圣泉水务股份有限公司,圣泉水务,新三板,"""自来水供应服务提供商""","""成立于1995年6月，目前新三板""",http://www.bzsqsw.com,""" 企业服务 其他企业服务 水务事业""","""巴中圣泉水务股份有限公司是一家自来水供应服务提供商，该公司的业务主要包括自来水的生产、销售等，以及给水设施的投资建设和运营管理等，同时公司为用户提供水管道敷设、水表安装等相关服务与支持。""",1995.6,500-1000人,1,代昌军,董事长,"""代昌军，巴中圣泉水务股份有限公司董事长。""",https://www.itjuzi.com/company/33397173
唐山东唐电气股份有限公司,东唐电气,新三板,"""输配电设备及电气自动化设备研发商""","""成立于2005年7月，目前新三板""",http://www.dtdq.com.cn/,""" 企业服务 其他企业服务 电子元器件 新能源 电气设备 工业自动化 光电设备 电力设备 机器人研发及生产 能源设备 能源工业 能源电力""","""东唐电气是一家输配电设备及电气自动化设备研发商，该公司的产品包括消弧线圈、消弧消谐聚优柜、开关柜配套保护控制、光伏新能源、变压器风冷控制系统、中性点接地间隙成套装置等系列。""",2005.7,300-500人,1,樊爱东,董事长,"""樊爱东，唐山东唐电气股份有限公司董事长。""",https://www.itjuzi.com/company/33397100
湖南浏阳经开区水务股份有限公司,浏经水务,新三板,"""自来水供应及污水处理服务提供商""","""成立于2001年9月，目前新三板""",http://,""" 企业服务 其他企业服务 水务事业 污水处理 污染治理""","""浏经水务是一家自来水供应及污水处理服务提供商，公司拥有配水管网80公里，覆盖25平方公里面积，主要为浏阳市经开区企业及市民提供自来水供应、工业废水和生活污水处理以及水污染治理服务。""",2001.9,300-500人,1,林大军,董事长,"""林大军，湖南浏阳经开区水务股份有限公司董事长。""",https://www.itjuzi.com/company/33397016
江苏雷科防务科技股份有限公司,雷科防务,已上市,"""军工电子信息产品提供商""","""成立于2002年12月，1位投资人，总融资额约6.66亿人民币""",http://www.racodf.com/,""" 企业服务 其他企业服务 航空航天""","""雷科防务是一家军工电子信息产品提供商，主要从事雷达系统、遥感测控、卫星导航、数字系统、模拟仿真、安全存储等系统及产品研发，涵盖雷达、导航、航天、通信、电子对抗等多个领域。""",2002.12,2000人以上,1,戴斌,董事长,"""戴斌，雷科防务董事长。""",https://www.itjuzi.com/company/33396853
滨海美康药业有限公司,滨海美康,已被收购,"""原料药及化学药品制剂研发商""","""成立于2017年2月，目前已被收购，1位投资人""",http://,""" 医疗健康 生物技术和制药 中医 中药材 药品生产 化学制药""","""滨海美康是一家原料药及化学药品制剂研发商，主要从事消化道、呼吸道及心血管等系列药品的研发、生产和销售以及中药萃取等业务，致力于化学药品原料药、化学药品制剂制造服务。
""",2017.2,50-100人,1,关辉,CEO,"""关辉，滨海美康CEO。""",https://www.itjuzi.com/company/33396682
邢台市快玻玻璃科技股份有限公司,快玻科技,新三板,"""玻璃生产商""","""成立于2012年8月，目前新三板""",http://www.bljyglass.com,""" 企业服务 其他企业服务 非金属矿物制品业 建筑材料 化工合成材料 玻璃陶瓷 工艺美术品""","""快玻玻璃是一家玻璃生产商，该公司主要生产原片玻璃、橱柜玻璃、隔断移门、衣柜玻璃、建筑玻璃、装饰玻璃、玻璃工艺品等，具体包括浮法玻璃、有色玻璃、丝印、钢化玻璃、中空玻璃等。""",2012.8,100-150人,1,李峰,创始人,"""李峰，邢台市快玻玻璃科技股份有限公司创始人。""",https://www.itjuzi.com/company/33396604
上海影子智能科技有限公司,影子智能,Pre-A轮,"""3D人脸模型自动调整技术""","""成立于2015年5月，目前Pre-A轮，1位投资人，总融资额约1000万人民币""",http://www.mirage3d.me,""" 工具软件 其他工具 美容""","""影子智能是一家应用在医美行业的3D人脸模型自动调整技术的企业，三维成像技术，模拟真实整形术后效果，提供先进的科技成果，引领医美产业联动发展。""",2015.5,300-500人,1,邱今涛,董事长,"""上海影子智能科技有限公司创始人""",https://www.itjuzi.com/company/20595473
上海影子智能科技有限公司,影子智能,Pre-A轮,"""3D人脸模型自动调整技术""","""成立于2015年5月，目前Pre-A轮，1位投资人，总融资额约1000万人民币""",http://www.mirage3d.me,""" 工具软件 其他工具 美容""","""影子智能是一家应用在医美行业的3D人脸模型自动调整技术的企业，三维成像技术，模拟真实整形术后效果，提供先进的科技成果，引领医美产业联动发展。""",2015.5,300-500人,2,张德峰,CEO兼CTO,"""张德峰，影子智能CEO兼CTO，硕士毕业于复旦大学，曾为迪卡侬与虹桥机场分别做过人体行为识别以及飞机跟踪的识别算法。""",https://www.itjuzi.com/company/20595473
江苏明芯微电子股份有限公司,明芯微,新三板,"""半导体功率器件生产商""","""成立于2007年7月，目前新三板""",http://www.mtnx.com,""" 企业服务 其他企业服务 芯片 照明灯具 半导体/元器件 半导体""","""明芯微是一家半导体功率器件生产商，公司主要产品包括反向导通单向可控硅芯片、反向阻断强触发单向可控硅芯片、反向阻断强触发单向可控硅等，产品广泛应用于消费电子、计算机、照明等领域。""",2007.7,150-300人,1,周明,董事长,"""周明，江苏明芯微电子股份有限公司董事长。""",https://www.itjuzi.com/company/33396520
山东坤宝化工股份有限公司,坤宝股份,新三板,"""无水三氯化铝制造商""","""成立于2001年7月，目前新三板""",http://www.dykunbao.com.cn,""" 企业服务 其他企业服务 金属制品 化学化工 化学制品""","""坤宝股份是一家无水三氯化铝制造商，公司采用DCS自动化控制系统，主要产品有各种无水三氯化铝粉末、颗粒等，主要应用于医药、阻燃剂、石油裂解、橡胶合成及水处理等领域。""",2001.7,300-500人,1,田茂新,总经理,"""田茂新，山东坤宝化工股份有限公司总经理。""",https://www.itjuzi.com/company/33396459
上海怡申科技股份有限公司,怡申股份,新三板,"""ABB电气传动产品生产商""","""成立于1999年2月，目前新三板""",http://www.celex.com.cn,""" 企业服务 其他企业服务 光电设备 通用设备""","""上海怡申科技股份有限公司是一家ABB电气传动产品生产商，公司产品分为微型传动、标准传动、高性能机械传动、多传动、中压传动、直流传动等多个系列，产品广泛应用于通用设备、物流仓储、矿井、船舶等领域。""",1999.2,300-500人,1,胡嘉艺,董事长,"""胡嘉艺，上海怡申科技股份有限公司董事长。""",https://www.itjuzi.com/company/33396438
暂未收录,龙之世纪,天使轮,"""区块链沙盒类游戏""","""成立于2018年8月，目前天使轮，3位投资人，总融资额约1000万人民币""",https://www.gamegene.org/index.php/cn,""" 游戏 游戏媒体及社区 区块链行业应用 区块链游戏""","""龙之世纪是一款开放自由的区块链沙盒类游戏，团队搭建底层操作系统和提供初期生产资料，玩家可以在游戏中购买土地、生产道具、以及参与竞技。""",2018.8,15-30人,1,浦锦明,创始人,"""浦锦明，顶级游戏制作人，Gameloft中国区制作人总监，Seastar Ganmes创始人。""",https://www.itjuzi.com/company/33396308
四川辉腾科技股份有限公司,辉腾科技,新三板,"""复合材料研发商""","""成立于2006年6月，目前新三板""",http://china-aramid.com,""" 企业服务 其他企业服务 航空航天 材料 材料研发 复合材料""","""辉腾科技是一家复合材料研发商，公司主要产品包括芳纶Ⅲ纤维、芳纶Ⅲ织物、沉析纤维以及高性能绳、带等，产品可广泛应用于航天航空、国防、石油化工、海洋开发及高端民品等领域。""",2006.6,150-300人,1,张胜才,董事长,"""张胜才，四川辉腾科技股份有限公司董事长。""",https://www.itjuzi.com/company/33396258
江苏绿排┮悼萍脊煞萦邢薰司,绿排┛,新三板,"""一站式设施农业综合服务""","""成立于2010年7月，目前新三板""",http://www.agriplus.cn/,""" 企业服务 其他企业服务 农技服务 农业科技""","""江苏绿排┮悼萍脊煞萦邢薰司是一家集农业科技服务、推广和咨询为一体的高科技农业公司，专注于节水灌溉、水肥一体化技术及温室栽培等领域，是中国节水灌溉产业技术创新战略联盟理事单位之一。公司继承吸收了以色列最先进的水肥管理技术和经验，并针对中国市场的特殊条件进行合理的本地化改进，提供从咨询服务，规划设计，安装施工直至委托管理的一站式设施农业综合服务。""",2010.7,300-500人,1,李勇,董事长,"""李勇，江苏绿排┮悼萍脊煞萦邢薰司董事长。""",https://www.itjuzi.com/company/33396365
广州金航游轮股份有限公司,广州金航,新三板,"""游船特色服务""","""成立于2003年9月，目前新三板""",http://www.gzjinhang.com/,""" 企业服务 其他企业服务 旅游服务 游艇/邮轮""","""广州金航游轮股份有限公司为广州港集团旗下广州市穗航实业有限公司子公司。现拥有“珠江水晶”、“金舫”、“金Z”、“穗港之星”等四艘豪华游轮及一艘游艇。主要为游客策划设计最全面的珠江日夜游、海珠环岛游、自选式逍遥游，包括租船、商务接待、婚礼寿宴策划等多种游船特色服务，以及船上餐饮服务和船船冠名、船体广告等相关业务。""",2003.9,300-500人,1,李迎建,董事长,"""李迎建，广州金航游轮股份有限公司董事长。""",https://www.itjuzi.com/company/33396173
安徽龙华化工股份有限公司,龙华化工,新三板,"""化工医药企业""","""成立于2007年2月，目前新三板""",http://www.longhuapharm.com/index.html,""" 企业服务 其他企业服务 化学化工 化学制品""","""安徽龙华化工股份有限公司前身为池州龙华医药化工有限公司，已成为一家集生产、销售、新产品开发为一体的化工龙头企业。公司主要产品为多聚磷酸、五氧化二磷，是目前国内最大的五氧化二磷、多聚磷酸生产商之一。产品50%左右出口至全世界三十多个国家与地区和100多家客户，其中包括世界一流的化学品公司和医药公司。""",2007.2,150-300人,1,金秀民,创始人,"""金秀民，安徽龙华化工股份有限公司创始人。""",https://www.itjuzi.com/company/33396076
惠州市东阳智能技术股份有限公司,东阳智能,新三板,"""模型部件生产制造""","""成立于2007年11月，目前新三板""",http://www.dys.hk/,""" 企业服务 其他企业服务 电池 航空航天 飞机 电源 能源工业 半导体/元器件 航空/飞行器""","""惠州市东阳智能技术股份有限公司是专业生产遥控玩具配件厂家，舵机、三轴云台、无刷云台、电池防爆袋、航模连接线、固定翼配件等产品专业生产加工的有限责任公司。有自主DYS GOTECK两个品牌产品。公司配备完善的各种专业设施以及拥有良好的品质控制体系，专业制造高精度、高性能的模型部件等， 范围涵盖遥控直升飞机，遥控车，遥控固定翼飞机及其配件。""",2007.11,150-300人,1,张锦海,董事长,"""张锦海，惠州市东阳智能技术股份有限公司董事长。""",https://www.itjuzi.com/company/33395983
湖北腾飞人才股份有限公司,腾飞人才,新三板,"""综合人力资源服务提供商""","""成立于2004年1月，目前新三板""",http://www.tengfeijob.com,""" 企业服务 其他企业服务 法律服务 检测认证""","""腾飞人才是一家综合人力资源服务提供商，集现场招聘、网络招聘、劳务派遣、劳务外包、人事代理、临时劳务、培训认证、人才猎头、法律咨询、物业服务等多种服务为一体，行业涵盖汽车制造、食品加工、电子、物流、医药、金融及事业单位等。""",2004.1,300-500人,1,张军,董事长,"""张军，湖北腾飞人才股份有限公司董事长。""",https://www.itjuzi.com/company/33395962
安徽兴中新材料股份有限公司,兴中股份,新三板,"""塑料包装材料制造商""","""成立于2011年11月，目前新三板""",http://www.aqxzbz.com/,""" 企业服务 其他企业服务 材料 橡塑制品""","""兴中股份是一家塑料包装材料制造商，采用红外线测厚自动调节模头流延膜机组，主要产品包括CPP薄膜、PE收缩膜、PE热缩膜、流延膜以及无纺布环保袋等，可应用于食品、印刷及零售领域。""",2011.11,150-300人,1,汪鸿,总经理,"""汪鸿，安徽兴中新材料股份有限公司总经理。""",https://www.itjuzi.com/company/33395113
湖北华兴机械科技股份有限公司,华兴科技,新三板,"""液位仪表产品制造商""","""成立于2005年6月，目前新三板""",http://www.huyiguo.com,""" 企业服务 其他企业服务 电子元器件 燃料 油气 石油 仪器仪表""","""华兴科技是一家液位仪表产品制造商，主要产品包括半伸缩式吹灰器、空气预热器吹灰器、电接点水位表、石英管式水位表以及LG系列节流装置等，旗下拥有“京锅水”品牌，主要应用于石油石化领域。""",2005.6,150-300人,1,董华林,董事长,"""董华林，湖北华兴机械科技股份有限公司董事长。""",https://www.itjuzi.com/company/33395045
新宜（上海）企业管理咨询有限公司,新宜中国,战略投资,"""枢纽及城市物流基础设施投资开发运营领导者""","""成立于2014年3月，1位投资人，总融资额约52亿人民币""",http://www.nechina.com.cn/,""" 物流 综合物流 物流信息化 智能物流 智慧物流 物流运输""","""新宜中国是领先的枢纽物流基础设施综合平台投资者和运营商，通过重点投资开发空港枢纽中心及周边城市的基础设施，配给一站式高效能低成本的整体运营，新宜中国致力于为政府引入优秀产业企业，为企业创造最高价值，促进政企合作共建共享、共赢共荣。""",2014.3,300-500人,1,易继伟,联席总裁,"""25年以上产业园区开发建设及综合管理经验""",https://www.itjuzi.com/company/33394959
新宜（上海）企业管理咨询有限公司,新宜中国,战略投资,"""枢纽及城市物流基础设施投资开发运营领导者""","""成立于2014年3月，1位投资人，总融资额约52亿人民币""",http://www.nechina.com.cn/,""" 物流 综合物流 物流信息化 智能物流 智慧物流 物流运输""","""新宜中国是领先的枢纽物流基础设施综合平台投资者和运营商，通过重点投资开发空港枢纽中心及周边城市的基础设施，配给一站式高效能低成本的整体运营，新宜中国致力于为政府引入优秀产业企业，为企业创造最高价值，促进政企合作共建共享、共赢共荣。""",2014.3,300-500人,2,孙冬平,董事长,"""20年以上产业投资、建筑工程和房地产开发等领域的丰富经验""",https://www.itjuzi.com/company/33394959
新宜（上海）企业管理咨询有限公司,新宜中国,战略投资,"""枢纽及城市物流基础设施投资开发运营领导者""","""成立于2014年3月，1位投资人，总融资额约52亿人民币""",http://www.nechina.com.cn/,""" 物流 综合物流 物流信息化 智能物流 智慧物流 物流运输""","""新宜中国是领先的枢纽物流基础设施综合平台投资者和运营商，通过重点投资开发空港枢纽中心及周边城市的基础设施，配给一站式高效能低成本的整体运营，新宜中国致力于为政府引入优秀产业企业，为企业创造最高价值，促进政企合作共建共享、共赢共荣。""",2014.3,300-500人,3,谭琴,助理CEO,"""10年以上物流地产投资分析及投资并购经验，曾任LaSalle Investment大中华区董事，曾供职于雷曼兄弟房地产LBREP中国平台、Phoenix Property Investors；北京大学，法学学士；日本早稻田大学，国际学学士""",https://www.itjuzi.com/company/33394959
山西龙腾汇景园林股份有限公司,龙腾园林,新三板,"""多元化绿色生态产业公司""","""成立于2002年4月，目前新三板""",http://www.czsltyl.cn/,""" 企业服务 其他企业服务 园林园艺 园林建设 生态保护""","""山西龙腾汇景园林股份有限公司原先为长治市龙腾园林绿化工程有限公司，是从事绿化工程施工、绿化养护、景观设计、苗木种植及生产经营等多元化绿色生态产业公司。公司现已形成了实力雄厚、潜力巨大、信誉优良的多元化绿化专业队伍实体，从组织机构、技术力量、经济实力均能适应当前绿化环境大气候的需要。""",2002.4,300-500人,1,段B文,CEO,"""段B文，山西龙腾汇景园林股份有限公司CEO。""",https://www.itjuzi.com/company/33395875
成都励翔文化创意股份有限公司,励翔股份,新三板,"""活动传播整体服务机构""","""成立于2012年1月，目前新三板""",http://lspr.com.cn,""" 企业服务 其他企业服务 会议会务""","""成都励翔是一个活动传播整体服务机构，集公关活动、国际会议、展览展陈、影视创作和媒介推广为一体，业务板块覆盖政务、商务、私人定制等领域，形式包括大型活动、国际论坛、展览展示、节庆庆典等各类公关活动。""",2012.1,150-300人,1,李军,董事长,"""李军，成都励翔文化创意股份有限公司董事长。""",https://www.itjuzi.com/company/33395855
广东瑞联科技有限公司,瑞联科技,已被收购,"""IT综合解决方案提供商""","""成立于2001年2月，目前已被收购，1位投资人""",http://,""" 企业服务 行业信息化及解决方案""","""瑞联科技是一家IT综合解决方案提供商，拥有自助技术开发平台和服务平台，主要业务涵盖软件研发、系统集成和运维服务三大领域，主要产品包括财政行业“财政非税收入管理系统NTS”、“财政绩效管理和评估系统PEMS”以及金融行业“银行资本管理系统CM”、“操作风险管理系统ORM ”等。
""",2001.2,300-500人,1,林锦堂,董事长,"""林锦堂，瑞联科技董事长。""",https://www.itjuzi.com/company/33395695
武汉市武昌电控设备有限公司,武昌电控,已被收购,"""电器控制设备生产商""","""成立于1996年11月，目前已被收购，1位投资人""",http://www.wcdk.cn/,""" 硬件 消费电子 电子元器件""","""武昌电控是集研发、设计、制造和销售于一体的国家指定高、低压成套开关和控制设备高新技术企业。""",1996.11,300-500人,1,沈祥裕,CEO,"""沈祥裕，武昌电控CEO。""",https://www.itjuzi.com/company/33395457
东莞市森泰玻璃科技股份有限公司,森泰玻璃,新三板,"""中型玻璃深加工企业""","""成立于2007年6月，目前新三板""",http://www.sentaiglass.com/main.aspx,""" 企业服务 其他企业服务 非金属矿物制品业 建筑材料 化工合成材料 玻璃陶瓷""","""东莞市森泰玻璃科技股份有限公司是一家集设计、生产、销售、服务于一体的中型玻璃深加工企业，主要产品有电子电器配套玻璃、h配套玻璃、高档内饰家居玻璃。产品畅销国内，并被上游客户配套为成品，远销至港澳、美国、欧洲等地。与“夏普”、“飞利浦”、“东芝”、“海尔”、“海信”、“TCL”、“顾家”、“比亚迪”等国内外知名品牌建立了长久长远的合作伙伴关系。""",2007.6,300-500人,1,高苹儿,董事长,"""高苹儿，东莞市森泰玻璃科技股份有限公司董事长。""",https://www.itjuzi.com/company/33395400
权星精机（上海）股份有限公司,权星精机,新三板,"""非标自动化设备供应商""","""成立于2011年7月，目前新三板""",http://www.quanstar.cn/,""" 企业服务 其他企业服务 医疗设备 工业自动化 汽车制造业 日化品 消费品""","""权星精机（上海）股份有限公司是一家集销售、研发设计、加工、组装、售后于一体的设备供应商；主要经营非标自动化设备，即：根据客户的需求提供研发设计、加工、制造、售后为一体化服务。目前的经营领域：汽车行业、日用品行业、化妆品行业、喷雾器行业、温控器行业、医疗行业、打火机行业等。""",2011.7,150-300人,1,梁世春,董事长,"""梁世春，权星精机(上海)股份有限公司董事长。""",https://www.itjuzi.com/company/33395336
申通快递有限公司,申通快递,已被收购,"""一家综合性的快递公司""","""成立于1993年2月，目前已被收购，1位投资人""",http://www.sto.cn/,""" 物流 品牌快递 快递 C2C 仓储服务 奢侈品 综合B2C 综合C2C 物流运输""","""申通快递是一家综合性的快递公司，兼具传统快递业务以及电子商务物流服务，可为国内大型C2C、B2C企业提供物流配送、第三方物流和仓储、代收货款、贵重物品通道等服务。""",1993.2,2000人以上,1,陈德军,董事长,"""申通快递有限公司董事长、上海盛彤实业有限公司董事长、上海快递协会会长、桐庐县总商会上海商会会长。1993年至今认上海盛彤实业有限公司董事长。2014年9月5日被评选为首届杰出桐商。""",https://www.itjuzi.com/company/30236
北京尚途国际旅行社股份有限公司,尚途国旅,新三板,"""国际旅行社运营商""","""成立于2011年8月，目前新三板""",http://www.shtits.com/,""" 企业服务 其他企业服务 酒店 旅行社 航空航天 境外游 旅游服务 酒店预订 旅游资源运营商 境内游 高端/商务旅游 出行票务 住""","""尚途国旅是一家国际旅行社运营商，主要从事出境旅游业务和境内旅游业务，主要为用户提供会展旅游及酒店预订、代办证、代订飞机票、火车票、旅游电子商务等服务；旗下拥有酒店连锁“尚旅旅居”、俱乐部品牌“尚途悦游”，涵盖古城文化、田园休闲、海滨度假三大主题酒店系列。""",2011.8,150-300人,1,张建勋,董事长,"""张建勋，北京尚途国际旅行社股份有限公司董事长。""",https://www.itjuzi.com/company/33395255
惠州市锦好医疗科技股份有限公司,锦好医疗,新三板,"""智能医疗设备提供商""","""成立于2011年8月，目前新三板""",http://www.jinghao.cc/,""" 医疗健康 医疗器械及硬件 医疗设备 血压 智慧医疗 医疗器械 医疗专科服务 智能医疗设备""","""锦好医疗是一家智能医疗设备提供商，主要提供助听器、血压监测仪、脉搏血氧仪、喷雾器、空气床垫等健康护理产品，旗下助听器产品有数字助听器、开放式听力助听器、可充电助听器等，雾化器包括活塞雾化器和超声波网孔雾化器，脉搏血氧仪分为LED显示屏和OLED显示屏两种，为用户提供智能医疗设备领域的综合解决方案。""",2011.8,300-500人,1,王敏,董事长,"""王敏，锦好医疗董事长。""",https://www.itjuzi.com/company/33395180
南通皋液重工股份有限公司,皋液重工,新三板,"""液压机生产企业""","""成立于1999年3月，目前新三板""",http://www.ntgyyj.com,""" 企业服务 其他企业服务 航空航天 金属材料 高分子材料 家电 汽车制造业 仪器仪表 化工合成材料 化工制品 橡塑制品 航空/飞行器""","""南通皋液重工股份有限公司（原南通皋液液压机有限公司，简称南通皋液、原南通液压机厂），是专业生产液压机的规模制造公司。为全国主要的液压机产品研制、生产企业之一。公司主要生产“皋液”牌6.3T-6000T共8个系列100多个品种的各类液压机，其结构有四柱式、单柱式、框架式、卧式、单柱式等。产品广泛用于航天航空、汽车制造、船舶重工、轻工家电、塑料制品、粉末冶金、电子仪表以及日用五金等行业的零件成型压制、拉伸和装备作业。""",1999.3,300-500人,1,赵秀芬,董事长,"""赵秀芬，南通皋液重工股份有限公司董事长。""",https://www.itjuzi.com/company/33394133
华夏文广传媒集团股份有限公司,华夏文广,新三板,"""综合性文化传媒集团""","""成立于2014年5月，目前新三板""",http://www.hxwggroup.com,""" 企业服务 其他企业服务 新媒体 电影 艺人网红 文艺演出 艺人经纪 企业营销 电视 影视营销 综合视频网站 视频技术""","""华夏文广是一家综合性文化传媒集团，该公司主营广电媒体及新媒体整合营销、电影电视剧网剧投资拍摄发行、大型视频节目及网综制作发行、新媒体研发及数字技术开发、艺人经纪及商业演出、文化产业投资及开发等业务。""",2014.5,50-100人,1,隗建华,董事长,"""隗建华，华夏文广传媒集团股份有限公司董事长。""",https://www.itjuzi.com/company/33394038
珊口（上海）智能科技有限公司,珊口智能SanKoBot,战略投资,"""专注于计算机视觉的自主创新技术""","""成立于2016年2月，8位投资人，总融资额约4100万人民币""",http://www.ankobot.com/,""" 企业服务 黑科技及前沿技术 计算机视觉与图像 模式识别技术 技术层""","""珊口智能是一家专注于计算机视觉的自主创新技术的企业，拥有包括VSLAM、物体识别、图像处理、人脸识别等多种创新技术，除了提供人工智能算法，也提供整体方案和配套硬件，力图打造通用计算机视觉平台和AI大脑。""",2016.2,30-50人,1,李磊,CEO,"""李磊，珊口智能创始人兼CEO，有多年的国内外TMT行业经验和芯片产业经验，曾为国际知名以色列图像视觉公司Cortica中国的总负责人，也是多家硅谷和以色列创业公司的早期投资人。""",https://www.itjuzi.com/company/32841807
台州市祥珑食品容器科技股份有限公司,祥珑科技,新三板,"""食品容器生产""","""成立于2014年1月，目前新三板""",http://www.srlon.com,""" 企业服务 其他企业服务 进出口贸易 专用设备""","""台州市祥珑食品容器科技股份有限公司位于浙江省台州市，中国著名的模具之乡.塑料王国.吹瓶机制造基地。由高新技术含量食品包装容器生产部门祥珑包装与相关机械设备、模具的开发,设计 、制造、祥珑科技组成。2005年公司联合多家科研院校共同研发高阻隔多层复合容器国产化设备。于2006年相继成功研制出pet/evoh/pet三层共注二步法高阻隔瓶生产系统与pp/evoh或pe/evoh为基础的六层共挤一次成型吹塑设备。 2007年通过专家及使用客户的验收同年高阻隔食品容器生产工厂祥珑包装落成启用。 """,2014.1,100-150人,1,陈华卿,董事长,"""陈华卿，台州市祥珑食品容器科技股份有限公司董事长。""",https://www.itjuzi.com/company/33393880
广西玉柴动力股份有限公司,玉柴动力,新三板,"""小缸径多缸柴油机生产商""","""成立于2003年4月，目前新三板""",http://ycpower.app.yuchai.com,""" 企业服务 其他企业服务 汽车配件 燃料""","""玉柴动力是一家小缸径多缸柴油机生产商，旗下拥有卡车动力、农用动力、工程动力、船舶动力、发电动力等系列产品，涵盖两缸、三缸、四缸柴油机，广泛运用于轻型卡车、轻型客车、自卸货车、专用车、低速货车等领域。""",2003.4,150-300人,1,李汉阳,董事长,"""李汉阳，广西玉柴动力股份有限公司董事长。""",https://www.itjuzi.com/company/33393846
活动树（北京）科技有限公司,活动树,A轮,"""活动管理服务平台""","""成立于2014年5月，目前A轮，3位投资人""",http://www.huodongshu.com,""" 企业服务 办公OA 会议会务""","""活动树是一家活动管理服务提供商，专注于打造会议、活动的主办方与参与方之间现实交互的活动管理平台，致力于为用户提供网站平台交流、活动信息查询、找活动、办活动、找场地等服务。""",2014.5,300-500人,1,罗坚,创始人,"""罗坚，毕业于上海交通大学，获工业与民用建筑专业学士学位；毕业于中国人民大学，获社会学硕士学位。2000年7月至2010年6月，于紫天鸿市场服务集团任总裁；2010年9月至今，于蓝色方略任董事长、总裁。""",https://www.itjuzi.com/company/13003
山东合信科技股份有限公司,合信科技,新三板,"""弹力纬纱生产企业""","""成立于2004年8月，目前新三板""",http://www.hilsen.cn,""" 企业服务 其他企业服务 材料 材料研发""","""山东合信科技股份公司是集研发与生产为一体的、专业从事尼龙66丝和弹力纬纱生产与销售的高科技企业。目前拥有高端纺丝机5台，包纱机16台，年综合生产能力达1500吨，是亚洲最大的弹力纬纱生产企业。公司主导产品为尼龙66弹力纬纱，规格有18英支、20英支、22英支和26英支。此外，可根据客户的特殊需求，研发生产纱支范围在15~50英支的尼龙66弹力纬纱以及涤纶弹力纬纱。""",2004.8,150-300人,1,刘效川,董事长,"""刘效川，山东合信科技股份有限公司董事长。""",https://www.itjuzi.com/company/33393800
杭州模储科技有限公司,模储科技,A轮,"""储能系统总包及运维管理服务提供商""","""成立于2017年5月，目前A轮，3位投资人""",http://,""" 企业服务 其他企业服务""","""模储科技是一家储能系统总包及运维管理服务提供商，专注于新能源储能领域，为用户提供异构电兼容解决方案，同时针对传统电池串联的拓扑结构，帮助用户解决行业对电池一致性强导致的成本问题。
""",2017.5,30-50人,1,王昊,董事长,"""王昊，模储科技董事长。""",https://www.itjuzi.com/company/33393730
南京鹏飞智慧物流股份有限公司,鹏飞物流,新三板,"""物流服务公司""","""成立于2013年1月，目前新三板""",http://www.pan-flying.cn/,""" 企业服务 其他企业服务 跨境物流 智慧物流 物流运输""","""南京鹏飞智慧物流股份有限公司前身为鹏飞航运有限公司，于1997年12月在南京注册创立。2016年11月24日公司经股份制改革成立南京鹏飞智慧物流股份有限公司（下称鹏飞物流）。旗下设有南京鹏飞能源有限公司、香港鹏飞船务有限公司等多家全资子公司。业务范围覆盖国内沿海、长江沿线及部分国际航线的大宗散货的物流运输；能源贸易；船舶安全和体系管理；船员劳务派遣和培训以及网络平台线上线下的智能衔接。""",2013.1,100-150人,1,岳爱忠,董事长,"""岳爱忠，南京鹏飞智慧物流股份有限公司董事长。""",https://www.itjuzi.com/company/33393713
北京云创远景软件有限责任公司,云创远景,天使轮,"""领先的企业移动计算平台解决方案提供商""","""成立于2016年5月，目前天使轮，1位投资人""",http://www.quarkdata.cn/home,""" 企业服务 行业信息化及解决方案 法律服务 信息安全 身份认证 检测认证""","""北京云创远景软件有限责任公司(简称云创远景)，专注于企业移动信息化基础建设，是国
内领先的企业移动计算平台解决方案提供商,为客户提供企业移动软件产品(企业移动管理平台
EMM和统一身份认证平台IAM)、行业解决方案、移动信息化咨询和运营商认证服务。

云创远景由中科创达软件股份有限公司(股票代码：300496)分立而来，致力于为企业提供
强大的移动化基础工具和架构平台，使企业在安全生产环境中提高管理和生产效率。云创远景
全部产品均为自有知识产权，支持公有云、私有云和混合云的产品形态，依托多年的研发和实
践经验，目前已在政府、央企、军队、物流和能源行业拥有诸多成功案例。并联合国家权威机
构，以标准制定者身份参与行业内产品标准的制定。""",2016.5,30-50人,1,沈骁,董事长,"""沈骁，董事长，毕业于大连理工大学，计算机硕士学位。中科创达企业方案事业部总经理、北京尚真科技有限公司联合创始人、北京云创远景软件有限责任公司董事长。""",https://www.itjuzi.com/company/33393697
太原智林信息技术股份有限公司,智林股份,新三板,"""软件技术服务""","""成立于2010年8月，目前新三板""",http://zlit.com.cn,""" 企业服务 其他企业服务""","""太原智林信息技术股份有限公司是一家以软件技术为核心，与行业应用、数字化产品相结合，提供解决方案、行业软件和技术服务的高新技术企业。公司主要经营电子设备、通讯器材、仪器仪表、办公自动化设备的研发、销售、咨询；机电设备的安装维修及技术服务；进出口业务；电子设备及教学设备的租赁等。与多家太原软件开发公司零售商和代理商建立了长期稳定的合作关系。""",2010.8,100-150人,1,陈玉,董事长,"""陈玉，太原智林信息技术股份有限公司董事长。""",https://www.itjuzi.com/company/33394605
上海知韬文化创意股份有限公司,知韬股份,新三板,"""专业从事新品展示制作""","""成立于2002年4月，目前新三板""",http://www.dianpai.net.cn,""" 企业服务 其他企业服务 金属制品""","""上海知韬文化创意股份有限公司专业从事新品展示制作。主要针对化妆品行业提供系统的形象设计和制作安装一条龙服务，业务范围涵盖了产品陈列，广告，柜台设计和制作等各方面。尤其是有机玻璃产品陈列架及灯片、印刷品等项目一直拥有较为领先的专业技术水平。力求用视觉创意打造品牌魅力，让视觉效果与商业营销融为一体。主要合作对象：OMEGA，欧莱雅，DIOR，路威铭轩等品牌。""",2002.4,300-500人,1,袁东,董事长,"""袁东，上海知韬文化创意股份有限公司董事长。""",https://www.itjuzi.com/company/33394580
河北兄弟伊兰食品科技股份有限公司,兄弟伊兰,新三板,"""复配食品添加剂研究与生产""","""成立于2003年8月，目前新三板""",http://www.xdyl.com,""" 企业服务 其他企业服务 检测认证 食品添加剂""","""河北兄弟伊兰食品科技股份有限公司目前已发展为国内最大从事复配食品添加剂研究与生产的企业。公司主要产品有：复配增稠添加剂；复配增稠剂；复配乳化增稠剂；复配甜味剂。公司在国内食品配料企业中率先通过ISO9001质量体系认证，并于2010年通过了高新技术企业认定。目前是石家庄市认定企业技术中心和石家庄市乳品复合添加剂工程技术研究中心所在地。""",2003.8,150-300人,1,赵林松,董事长,"""赵林松，河北兄弟伊兰食品科技股份有限公司董事长。""",https://www.itjuzi.com/company/33394674
安徽华辰造纸网股份有限公司,安徽华辰,新三板,"""造纸工业用脱水器材生产商""","""成立于2001年3月，目前新三板""",http://www.hczzw.cn/,""" 企业服务 其他企业服务 专用设备 造纸工业""","""华辰造纸网是一家造纸工业用脱水器材生产商，公司主要从事聚酯成形网、聚酯干网的开发、研制、生产和销售服务，产品种类包括单层网、多层成形网等。业务覆盖意大利、巴西、日本、新加坡等多个国家。""",2001.3,300-500人,1,张建和,董事长,"""张建和，安徽华辰造纸网股份有限公司董事长。""",https://www.itjuzi.com/company/33394506
深圳前海跨海侠跨境电子商务有限公司,跨海侠,尚未获投,"""跨境电子商务平台""",,http://www.superbuy.com,""" 电子商务 跨境电商 买手 仓储服务 海淘代购""","""跨海侠集团，2012年由腾讯控股（0700.HK）创办人之一贡海星创办，以海外用户网购中国商品为基础，为世界用户提供本地购买全球商品服务，并依托超过6年服务全球100多个国家客户的跨境商务经验，为全球商企提供跨境商务全流程解决方案。
集团前身为深圳市点点淘科技有限公司，以面向海外用户为起点，从解决全球用户购买中国商品、转运中国商品等痛点需求出发，打造以极致标准要求的客服咨询、采购、质检、仓储、物流、售后及增值定制等全流程服务。superbuy平台（www.superbuy.com）业务涵盖代购、直营商城、物流、旅游及B2B商业合作等众多方面，目前已向全球超过150个国家发送了700多万件商品，成为业内领先的跨境购物服务平台。
   在对C端服务品质的极致追求中，跨海侠建立了强大的跨境商务全流程服务能力。2018年，集团推出全新业务B2B2C的全新商品全球化流通平台Buckydrop（www.buckydrop.com），旨在为全球独立电商经营者、创业者提供从建店、采购、履单、质检、仓储管理、国际物流到售后服务的全流程一站式电商服务解决方案。跨海侠以合作互利的理念协助合作者获取自己事业上的成功，从而为集团自身的业务带来快速、爆发式发展，以期达到“打造最具美誉的跨境服务，成为全球用户所尊敬的企业”的终极目标。""",2016.3,150-300人,1,江宁,董事长兼总经理,"""江宁，深圳前海跨海侠跨境电子商务有限公司董事长兼总经理""",https://www.itjuzi.com/company/32613782
深圳前海跨海侠跨境电子商务有限公司,跨海侠,尚未获投,"""跨境电子商务平台""",,http://www.superbuy.com,""" 电子商务 跨境电商 买手 仓储服务 海淘代购""","""跨海侠集团，2012年由腾讯控股（0700.HK）创办人之一贡海星创办，以海外用户网购中国商品为基础，为世界用户提供本地购买全球商品服务，并依托超过6年服务全球100多个国家客户的跨境商务经验，为全球商企提供跨境商务全流程解决方案。
集团前身为深圳市点点淘科技有限公司，以面向海外用户为起点，从解决全球用户购买中国商品、转运中国商品等痛点需求出发，打造以极致标准要求的客服咨询、采购、质检、仓储、物流、售后及增值定制等全流程服务。superbuy平台（www.superbuy.com）业务涵盖代购、直营商城、物流、旅游及B2B商业合作等众多方面，目前已向全球超过150个国家发送了700多万件商品，成为业内领先的跨境购物服务平台。
   在对C端服务品质的极致追求中，跨海侠建立了强大的跨境商务全流程服务能力。2018年，集团推出全新业务B2B2C的全新商品全球化流通平台Buckydrop（www.buckydrop.com），旨在为全球独立电商经营者、创业者提供从建店、采购、履单、质检、仓储管理、国际物流到售后服务的全流程一站式电商服务解决方案。跨海侠以合作互利的理念协助合作者获取自己事业上的成功，从而为集团自身的业务带来快速、爆发式发展，以期达到“打造最具美誉的跨境服务，成为全球用户所尊敬的企业”的终极目标。""",2016.3,150-300人,2,贡海星,跨海侠集团创始人兼CEO,"""腾讯控股（0700.HK）创始股东之一，腾讯第5号员工，曾任腾讯QQ后台数据库团队负责人，腾讯首位“终身荣誉顾问”。
曾创办互联网彩票公司“菠菜娃娃”（腾讯全资收购后更名为“QQ彩票”）、创想天空科技，其产品Itools即全球首款第三方苹果设备管理软件（已于2015年12月挂牌新三板，股票代码833870）、点点淘科技有限公司为全球用户提供代购、仓储、集运、转运等跨境电商第三方综合性服务。""",https://www.itjuzi.com/company/32613782
北京海利华科教育科技股份有限公司,海利华科,新三板,"""教育信息化服务提供商""","""成立于2004年6月，目前新三板""",http://www.hlhk.com.cn/,""" 企业服务 其他企业服务 教育信息化 大数据行业应用 智慧校园 教育大数据 K12教育 家教 垂直行业信息化""","""海利华科是一家教育信息化服务提供商，专注于教学课件产品的研发生产，设有教育物联网研发机构数言科技和教育大数据微环境管控机构海数盈智，为用户提供图书馆系统、功能教室、理化生实验室、智能教育、智慧校园等领域的教育信息化解决方案。""",2004.6,150-300人,1,刘二潮,董事长,"""刘二潮，北京海利华科教育科技股份有限公司董事长。""",https://www.itjuzi.com/company/33394468
江苏中荷花卉股份有限公司,中荷花卉,新三板,"""园艺农业公司""","""成立于2001年10月，目前新三板""",http://www.izhoo.com/,""" 企业服务 其他企业服务 园林园艺 农技服务 农业生产及加工""","""江苏中荷花卉股份有限公司是由连云港农业发展集团有限公司于2006年12月投资兴建，经过多年的持续探索和积累，已成为掌握关键园艺科技、国内领先的现代农业公司，经营范围涵盖兰科、球根花卉的研发、生产、销售、技术推广及进出口贸易等业务。公司拥有多家花卉网络直营店，已经完成研发、培育、生产、市场体系布局。""",2001.10,300-500人,1,孟小滨,董事长,"""孟小滨，江苏中荷花卉股份有限公司董事长。""",https://www.itjuzi.com/company/33394401
广东水电二局股份有限公司,粤水电,已上市,"""以工程建设及清洁能源项目建设为核心的综合""","""成立于2001年12月，1位投资人""",http://www.gdsdej.com/,""" 企业服务 其他企业服务 水务事业 交通建设 公路建设""","""粤水电是一家以工程建设及清洁能源项目建设为核心的综合性企业，公司具有拥有水利水电工程施工总承包特级资质以及四项工程施工总承包壹级资质，其中工程建设涉及水利、市政、轨道交通、公路、机电安装等；清洁能源项目建设涉及水力发电、风力发电、光伏发电等项目建设。""",2001.12,2000人以上,1,朱丹,董事长,"""朱丹，粤水电董事长。""",https://www.itjuzi.com/company/33394312
江苏启创环境科技股份有限公司,启创环境,新三板,"""环保设备和水处理设备研发商""","""成立于2010年8月，目前新三板""",http://www.jsqchb.com,""" 企业服务 其他企业服务 环保设备 专用设备""","""启创环境是一家环保设备和水处理设备研发商，该公司主要生产环境污染防治专用设备、锅炉辅助设备等环保设备；以及电子水处理仪、自清洗水过滤器、电子除垢仪等等水处理设备。""",2010.8,150-300人,1,许海民,董事长,"""许海民，江苏启创环境科技股份有限公司董事长。""",https://www.itjuzi.com/company/33394274
成都不只于书文化传播有限公司,漫游鲸,天使轮,"""二手书籍回收交易平台""","""成立于2016年11月，目前天使轮，1位投资人，总融资额约1000万人民币""",http://,""" 电子商务 图书影音 回收服务 物品回收""","""漫游鲸是一个二手书籍回收交易平台，为用户提供全新书籍销售及二手书籍上门回收服务，用户通过将自己的闲置书籍供平台进行回收，得到的书费可抵扣新书原价的85%，书籍涵盖文学、旅行、小说、科技等品类。
""",2016.11,50-100人,1,杨孟冬,创始人,"""杨孟冬，漫游鲸创始人。""",https://www.itjuzi.com/company/33393679
广东万田检测股份有限公司,万田检测,新三板,"""第三方检测服务提供商""","""成立于2007年6月，目前新三板""",http://www.wtvtcc.com,""" 企业服务 其他企业服务 检测认证""","""第三方检测是一家第三方检测服务提供商，为环境化学检测、食品检测、居民消费品检测领域用户提供有害物质检测、环境检测、EMC、电子电器产品可靠性与失效分析，材料可靠性与失效分析，各类玩具检测、化妆品、食品及食品包装和接触材料检测，纺织品检测、验货等多项综合检测服务。""",2007.6,150-300人,1,张冰雄,董事长,"""张冰雄，广东万田检测股份有限公司董事长。""",https://www.itjuzi.com/company/33393579
上海合晖保险经纪有限公司,合晖保险,已被收购,"""汽车分期服务提供商""","""成立于2008年9月，目前已被收购，1位投资人""",http://www.hehuibaoxian.com/,""" 汽车交通 汽车金融 车险 汽车分期""","""合晖保险是一家综合性保险经纪服务提供商，致力于面向个人及企业用户提供保险购买及理赔相关的一站式解决方案。其主营业务包括保险采购、保险理赔协助、再保险经纪、风险评估管理咨询等，并可提供车险相关的咨询、分析、投保等服务。
""",2008.9,2000人以上,1,鲍刘斌,CEO,"""2年资本市场及投行经验，曾任上海电气集团、北京鹏润投资、永泰投资集团及友邦资本等知名公司财务总监、投资总监、独立董事等职位。主持过多家集团公司的IPO进程，丰富的境内外公司兼并收购经验。毕业于同济大学，中南财经政法大学硕士学位。""",https://www.itjuzi.com/company/33393286
苏州富顺新型包装材料股份有限公司,富顺新材,新三板,"""新型包装材料研发""","""成立于2000年6月，目前新三板""",http://www.sz-fushun.com,""" 企业服务 其他企业服务 新材料 材料 材料研发 材料设备""","""苏州富顺新型包装材料股份有限公司（简称“富顺新材”）是一家集新型包装材料生产、大型机械加工、EPP成型成套设备、机械设备及模具制造、销售、运输、服务于一体的高新技术企业。公司秉承创新的企业理念不断投入大量研发资金用于技术升级。产品广泛应用于新型领域、食品运输、医疗物品周转箱、游乐场玩具模型、汽车零部件、包装周转等行业，拥有巨大的市场潜力。""",2000.6,150-300人,1,沈育名,董事长,"""沈育名，苏州富顺新型包装材料股份有限公司董事长。""",https://www.itjuzi.com/company/33393564
山东龙成消防科技股份有限公司,龙成消防,新三板,"""消防器材供应商""","""成立于1989年10月，目前新三板""",http://www.lcxfqc.com/,""" 企业服务 其他企业服务 消防设备 通用设备 专用设备""","""龙成消防是一家消防器材供应商，公司主要产品包括手提式干粉灭火器、手提式水基型灭火器、手提式二氧化碳灭火器、有衬里消防水带、消防水带水管接扣等，同时公司还提供物流、维修保养等服务。""",1989.10,500-1000人,1,崔庆海,董事长,"""崔庆海，山东龙成消防科技股份有限公司董事长。""",https://www.itjuzi.com/company/33393167
郑州恒凯能源科技股份有限公司,恒凯能源,新三板,"""节能服务公司""","""成立于2005年3月，目前新三板""",http://www.hkny88.com/,""" 企业服务 其他企业服务 环保相关服务 能源管理""","""郑州恒凯能源科技股份有限公司是国家发改委和财政部备案的节能服务公司，也是河南省第一批从事节能技术研究和产品研发的知名企业。郑州恒凯能源科技股份有限公司拥有自然能利用工程技术研究中心、智能追溯信息工程技术、物联网智能监控工程技术等政府重点实验室；公司开发的有壁挂式聚焦太阳能热水器、别墅取暖热水系统、自然能综合应用系统、太阳能光伏、空调物联网系统及终端、自然能空调、节电设备、余热回收及利用系统等系列高科技产品。""",2005.3,150-300人,1,余浩,总经理,"""余浩，郑州恒凯能源科技股份有限公司总经理。""",https://www.itjuzi.com/company/33393020
青岛世纪天成网络科技有限公司,蚂蚁闲置,种子轮,"""校园闲置物品交易平台""","""成立于2018年7月，目前种子轮，总融资额约30万人民币""",http://,""" 电子商务 其他电商服务""","""东方财富网是一个财经证券类门户网站，网站涉及财经、股票、债券等多个种类，为用户提供财经资讯、金融市场报价、新三板等方面的内容，致力于为用户提供及时更新的财经资讯，方便用户查询。
""",2018.7,30-50人,1,高汝祥,创始人,"""高汝祥，蚂蚁闲置创始人。""",https://www.itjuzi.com/company/33392939
东方财富信息股份有限公司,东方财富网,已上市,"""财经证券类门户网站""","""成立于2005年1月""",http://www.eastmoney.com/,""" 金融 金融信息化 基金 证券 金融机构 交易所""","""东方财富网创办于2004年,始终坚持“用户为王”的经营理念，为全国广大投资者提供专业、及时、全面的金融信息服务。2010年3月，东方财富网成功登陆深圳证券交易所，从创立到成功上市，公司只用了5年时间，成为中国创业板IPO历程上的一颗耀眼明星。
东方财富网旗下现拥有天天基金网、股吧、东方财富终端、东方财富证券、choice数据等强势业务版块及产品。截至2018年3月31日，天天基金网平台共上线各类公募基金产品5600多只，基金销售量累计近19000亿元。""",2005.1,300-500人,1,其实	,董事长,"""其实	，东方财富网董事长，上海交通大学本科毕业、复旦大学博士。2016年胡润百富榜以235亿财富排名第79位。""",https://www.itjuzi.com/company/33392891
苏州市新诚氏通讯电子股份有限公司,新诚氏,新三板,"""射频元器件供应商""","""成立于2006年6月，目前新三板""",http://WWW.CHINASCSE.COM,""" 企业服务 其他企业服务 电子元器件 光电""","""新诚氏是一家射频元器件供应商，主要生产的产品有多路合路器、声表滤波器、锁相环模块，电磁干扰滤波器、介质谐振器、功率电阻等，可根据用户的不同需求设计、研发，产品主要适用于有线和无线通信领域。""",2006.6,150-300人,1,陈建良,董事长,"""陈建良，苏州市新诚氏通讯电子股份有限公司董事长。""",https://www.itjuzi.com/company/33392835
安徽恒利机电科技股份有限公司,恒利股份,新三板,"""机电产品生产企业""","""成立于2009年12月，目前新三板""",http://www.ahhljd.net/,""" 企业服务 其他企业服务 安防设备 新能源 LED 照明灯具 能源技术 能源工业 能源电力 半导体/元器件""","""安徽恒利机电科技股份有限公司是一家集新能源汽车及配件、LED矿灯、电动环卫车、ATM机防护舱等电子安防产品的研发、生产、销售、安装和工程技术服务、城乡智能环卫服务为一体的多元化的国家高新技术企业。""",2009.12,150-300人,1,余云珂,董事长,"""余云珂，安徽恒利机电科技股份有限公司董事长。""",https://www.itjuzi.com/company/33392748
山东三同新材料股份有限公司,三同新材,新三板,"""各种绳线、网带等材料生产销售""","""成立于2004年9月，目前新三板""",http://www.sdsantong.net/,""" 企业服务 其他企业服务 新材料 进出口贸易 材料""","""山东三同新材料股份有限公司是专业生产各种高档绳索、编织绳、线、塑纤新材料的企业，拥有自营进出口权，产品90%以上出口海外，产品用途广泛，海用,民用,渔业，军用,工程等领域，产品远销美国、英国、法国、西班牙、德国、日本、澳大利亚，中东等，深受国内外客商的好评。""",2004.9,300-500人,1,崔润刚,董事长,"""崔润刚，山东三同新材料股份有限公司董事长。""",https://www.itjuzi.com/company/33392518
安世半导体（中国）有限公司,Nexperia,已被收购,"""半导体元件研发商""","""成立于2000年1月，目前已被收购，1位投资人""",https://www.nexperia.cn/,""" 硬件 芯片半导体 芯片 LED 通信设备 光电元器件 照明灯具 半导体/元器件 半导体 屏幕面板""","""安世半导体是一家半导体元件研发商，主要从事半导体通用分立器件、逻辑器件、功率MOS器件的研发、生产和销售，为用户提供分立器件、逻辑芯片和PowerMos芯片等产品，可应用于消费电子、通信设备、LED显示屏等领域。
""",2000.1,2000人以上,1,容诗宗,董事长,"""容诗宗，Nexperia董事长。""",https://www.itjuzi.com/company/33392498
暂未收录,博纳云,战略投资,"""结合区块链技术的云服务商""","""成立于2018年4月，2位投资人""",https://bonuscloud.io/,""" 企业服务 其他企业服务 数据中心IDC 区块链行业应用 区块链BaaS服务""","""博纳云是一家结合区块链技术的云服务商，通过构造算力交易平台，将现有云计算、IDC、企业计算中心以及个人CPU/GPU/带宽等计算资源连接起来，集平台上万个资源贡献者、平台使用者、应用开发者之力，提供云计算平台服务。
""",2018.4,30-50人,1,李爽,CEO,"""李爽，博纳云CEO，从业10多年的云计算专家，历任前美团云总经理、阿里巴巴集团网络部总监、百度系统技术委会员主席等职位。""",https://www.itjuzi.com/company/33392399
武汉仕全兴新材料科技股份有限公司,仕全兴,新三板,"""涂料助剂产品研发商""","""成立于2001年11月，目前新三板""",http://www.shiquanxing.com,""" 企业服务 其他企业服务 建筑材料 化学化工 化工助剂""","""仕全兴是一家涂料助剂产品研发商，主要产品包括水性聚氨酯固化剂、环保油性聚氨酯固化剂、水性聚氨酯树脂、水性丙烯酸改性聚氨酯树脂、无溶剂聚氨酯预聚体等，并提供配送和售后服务。""",2001.11,150-300人,1,唐盛,董事长,"""唐盛，武汉仕全兴新材料科技股份有限公司董事长。""",https://www.itjuzi.com/company/33392369
广东百城人才网络股份有限公司,百城人才,新三板,"""一站式人力资源服务平台""","""成立于2005年4月，目前新三板""",http://www.bczp.cn/,""" 企业服务 其他企业服务""","""百城招聘是一家人力资源解决方案及增值服务提供商，旗下主要产品“百城招聘宝”是手机客户端招聘软件，整合近百所城市的人才简历资源，为用户提供各项招聘服务与招聘资讯。""",2005.4,150-300人,1,韩荣奎,董事长,"""韩荣奎，广东百城人才网络股份有限公司董事长。""",https://www.itjuzi.com/company/33392307
广东润生堂生物科技股份有限公司,润生堂,新三板,"""铁皮石斛生产商""","""成立于2012年2月，目前新三板""",http://,""" 企业服务 其他企业服务 养生保健 中药材""","""广东润生堂是一家铁皮石斛生产商，主要从事皮石斛的种植、培育、加工及其衍生产品的开发和销售，旗下产品有石斛鲜品、石斛花、石斛茶、手工枫斗、石斛保健酒等。""",2012.2,100-150人,1,方懿,董事长,"""方懿，广东润生堂生物科技股份有限公司董事长。""",https://www.itjuzi.com/company/33392212
四川升华电源科技有限公司,升华电源,已被收购,"""电池研发商""","""成立于2011年9月，目前已被收购，1位投资人""",http://www.shenghuapower.com/,""" 硬件 消费电子 电池 电子元器件 电源 能源工业 半导体/元器件""","""升华电源是一家专业从事高端DC-DC、AC-DC等电源类产品研发、生产和销售的高新技术企业。致力于为客户提供可靠优质的电源全面解决方案。""",2011.9,300-500人,1,冯骏,CEO,"""冯骏，升华电源CEO。""",https://www.itjuzi.com/company/33392057
无锡晶石新型能源股份有限公司,晶石能源,新三板,"""锂离子电池正极材料生产商""","""成立于2006年7月，目前新三板""",http://www.jingshi.cn,""" 企业服务 其他企业服务 自行车 电池 新材料 车载及出行 电源 能源工业 能源电力 半导体/元器件""","""晶石能源是一家锂离子电池正极材料生产商，公司的产品有改性尖晶石锰酸锂、尖晶石锰酸锂、镍钴锰酸锂（三元材料）等系列，锰酸锂正极材料已广泛应用于电动自行车、电动工具和电动汽车电池等领域。""",2006.7,150-300人,1,冯建昌,董事长,"""冯建昌，无锡晶石新型能源股份有限公司董事长。""",https://www.itjuzi.com/company/33392036
浙江博蓝特半导体科技股份有限公司,博蓝特,已被收购,"""半导体产品制造商""","""成立于2012年10月，目前已被收购，3位投资人""",http://www.bst-group.cn/,""" 硬件 芯片半导体 光电设备 半导体/元器件 半导体""","""博蓝特半导体是一家半导体产品制造商，通过采用光学加工技术及蓝宝石加工设备，专注于大尺寸蓝宝石平片及图形化蓝宝石衬底的研发、生产和销售业务，主要产品有蓝宝石双抛片、蓝宝石单抛片、PSS片等，提供半导体产品领域的综合解决方案。
""",2012.10,300-500人,1,徐良,董事长,"""徐良，博蓝特董事长。""",https://www.itjuzi.com/company/33391990
山东大众机械制造股份有限公司,大众股份,新三板,"""工程机械配套产品制造商""","""成立于2003年5月，目前新三板""",http://www.zhuzao.cn/,""" 企业服务 其他企业服务""","""大众股份是一家工程机械配套产品制造商，主要生产各类驱动轮、引导轮、斗齿、斗座、动臂斗杆的前叉、后座、旋转联接器、挖斗等部件，产品主要应用于工程机械、建筑设备等领域。""",2003.5,150-300人,1,王皓,董事长,"""王皓，山东大众机械制造股份有限公司董事长。""",https://www.itjuzi.com/company/33392154
北京磁力信科技有限公司,磁场,尚未获投,"""一个高品质社群和知识变现社区""",,https://www.cichang.net/,""" 教育 职业培训 网易系""","""磁场是一个高品质社群和知识变现社区，打造一款连接学习者的社群平台，它能帮你在这个知识高速迭代的时代，更高效的筛选信息、认识朋友，并利用碎片时间进行更有效的学习。北京磁力信科技有限公司旗下产品。""",2015.5,30-50人,1,申华章,CEO,"""申华章，磁场app创始人及CEO；卡拉丁联合创始人。加州理工大学毕业后回国创业，连续创业者，无线互联网GEOWOK共同创始人 。微信公众号“奴隶社会”发起人及运营者。""",https://www.itjuzi.com/company/33076512
北京磁力信科技有限公司,磁场,尚未获投,"""一个高品质社群和知识变现社区""",,https://www.cichang.net/,""" 教育 职业培训 网易系""","""磁场是一个高品质社群和知识变现社区，打造一款连接学习者的社群平台，它能帮你在这个知识高速迭代的时代，更高效的筛选信息、认识朋友，并利用碎片时间进行更有效的学习。北京磁力信科技有限公司旗下产品。""",2015.5,30-50人,2,李一诺,联合创始人,"""李一诺，「盖茨基金会」中国首席代表，磁场联合创始人、 微信公众号“奴隶社会”联合发起人。前麦肯锡全球合伙人。申华章的妻子。""",https://www.itjuzi.com/company/33076512
北京磁力信科技有限公司,磁场,尚未获投,"""一个高品质社群和知识变现社区""",,https://www.cichang.net/,""" 教育 职业培训 网易系""","""磁场是一个高品质社群和知识变现社区，打造一款连接学习者的社群平台，它能帮你在这个知识高速迭代的时代，更高效的筛选信息、认识朋友，并利用碎片时间进行更有效的学习。北京磁力信科技有限公司旗下产品。""",2015.5,30-50人,3,李洁信,CTO,"""李洁信，磁力信科技联合创始人、CTO。美国加州州立大学计算机硕士。前网易新闻核心开发；熟悉Swift、Ruby、Golang、Erlang；Listen+英语学习APP创始人。""",https://www.itjuzi.com/company/33076512
深圳市超级番茄设计顾问有限公司,番茄设计,尚未获投,"""综合性设计公司""",,http://www.supertomatos.com/index.php?lang=cn,""" 房产服务 装修装潢 酒店 装修设计 住""","""番茄设计(原超级番茄设计)是一家具有国际前瞻性的综合性设计公司，从室外到室内的一体化全方位设计咨询服务。目前所涉及领域涵盖办公空间、酒店会所、购物中心、医疗养老、住宅样板房、餐饮、旧改项目等。""",2014.7,30-50人,1,李治飞,创始人,"""中国建筑学会总会会员，杰出中青年室内建筑师，高级室内建筑师。
 
曾在全球知名设计企业及世界五百强企业担任设计管理工作，参与了众多大型项目的建设和开发。后创立“番茄”设计品牌，一度带领“番茄”获得众多国内外设计大奖。
 
他是一个精神充沛、充满活力的设计师，有着非凡的创意和项目管理经验。
 
曾受邀参加各种活动的演讲嘉宾。其作品及文章分别刊入：《中国建设英才年鉴》、《建筑周刊》、《建科之声》、《中华建设》、《中国室内设计年鉴》、《设计之都》等多个国际级知名刊物。""",https://www.itjuzi.com/company/33391908
江苏富丽华通用设备股份有限公司,富丽华,新三板,"""风机的设计制造和销售服务""","""成立于2000年1月，目前新三板""",http://www.fulihua.net/,""" 企业服务 其他企业服务 家电 通用设备""","""江苏富丽华通用设备有限公司是多年从事各种风机、风机配件的设计、制造的专业化生产企业，品种规格齐全，为国内同行业之首。产品主要用于中央空调、螺杆压缩机、制冷设备、工业厂房以及畜牧业等的通风散热。""",2000.1,300-500人,1,沈坤华,董事长,"""沈坤华，江苏富丽华通用设备股份有限公司董事长。""",https://www.itjuzi.com/company/33391845
曲阜三让洁能股份有限公司,三让洁能,新三板,"""水煤浆清洁煤产品制造商""","""成立于2013年5月，目前新三板""",http://www.sanrangcwm.com,""" 企业服务 其他企业服务 新材料 材料 材料研发 煤炭""","""三让洁能是一家水煤浆清洁煤产品制造商，主要产品有煤粉、水煤浆等，产品具有超低硫、超低灰、超低磷、超高热值的特点；此外公司还为用户提供各种燃煤锅炉、工业窑炉、燃油改造服务。""",2013.5,100-150人,1,刘宏韬,总经理,"""刘宏韬，曲阜三让洁能股份有限公司总经理。""",https://www.itjuzi.com/company/33391670
成利吉（厦门）智能股份有限公司,成利吉,新三板,"""智能交通产品和技术服务商""","""成立于1998年12月，目前新三板""",http://www.ctcits.com/,""" 企业服务 其他企业服务 智慧交通 车联网 汽车科技""","""成利吉是一家智能交通产品和技术服务商，主要产品包括CTC-TSC智能交通信号控制机、CTC-UTCS智能交通信号控制管理系统、CTC-EPD闯红灯自动记录系统等，涉及范围包括信号控制、自动抓拍、集成平台、车联网等。""",1998.12,300-500人,1,李志忠,董事长,"""李志忠，成利吉(厦门)智能股份有限公司董事长。""",https://www.itjuzi.com/company/33391562
广东阳江港港务股份有限公司,阳江港,新三板,"""港口货物的装卸疏运服务提供商""","""成立于2005年5月，目前新三板""",http://www.gdyjg.com,""" 企业服务 其他企业服务 仓储服务 物流运输""","""阳江港是一家港口货物的装卸疏运服务提供商，主营业务包括港口装卸搬运和大宗商品贸易，主要提供煤炭、矿石、粮食等大宗散杂货和集装箱的港口装卸、仓储、运输服务，以及煤炭、兰炭、焦炭等大宗商品的贸易服务。""",2005.5,150-300人,1,马广平,董事长,"""马广平，广东阳江港港务股份有限公司董事长。""",https://www.itjuzi.com/company/33391536
深圳市北伦敦教育投资有限公司,北伦敦国际教育,Pre-A轮,"""国际幼儿园服务提供商""","""成立于2014年12月，目前Pre-A轮，1位投资人，总融资额约1400万人民币""",http://nlcssz.org/,""" 教育 儿童早教 语言学习 体验式教育 早教 学前教育 幼儿园 游学培训 外教""","""北伦敦国际教育是一家国际幼儿园服务提供商，致力于通过国际留学、短期游学及外教师资培训等服务为用户提供良好的学习环境，主要业务涵盖国际早教、国际幼儿教育、国际语言培训等教学服务。
""",2014.12,300-500人,1,林禹丞,创始人兼CEO,"""林禹丞，创始人&CEO，毕业于帝国理工，是深圳市海归协会副主席，是连续教育创业者，曾创立伯乐信国际教育、优尼全能戏剧英语等。""",https://www.itjuzi.com/company/33391459
秦皇岛富连京电子股份有限公司,富连京,新三板,"""半导体制冷片生产企业""","""成立于1993年1月，目前新三板""",http://www.chinafujitaka.com/,""" 企业服务 其他企业服务 半导体/元器件 半导体""","""秦皇岛富连京电子有限公司是日本Z-MAX集团在中国的工厂，专业生产半导体制冷片（半导体制冷晶片）。产品销往中国、日本、韩国、港台和欧美地区。公司生产工艺来源于中国科学院，先后引进了日本和乌克兰的先进技术，三方面的技术经过20年的融合和沉淀，缔造了特殊的生产工艺。再加上日式的品质管理理念和严格的管理体系，使产品具备优异的品质和超常的可靠性。""",1993.1,300-500人,1,张继红,董事长,"""张继红，秦皇岛富连京电子股份有限公司董事长。""",https://www.itjuzi.com/company/33391430
四川赛狄信息技术股份公司,四川赛狄,新三板,"""无线电子通讯设备研发商""","""成立于2007年4月，目前新三板""",http://www.sdrising.com,""" 企业服务 其他企业服务 通信设备""","""赛狄信息是一家无线电子通讯设备研发商，该公司的产品包括DSP并行处理系列、Power PC运算平台系列、数据采集系列、数字图像处理与跟踪模块、智能航电通讯产品系列等，可应用于电子系统、雷达、数字通信等相关领域。""",2007.4,150-300人,1,肖红,总经理,"""肖红，四川赛狄信息技术股份公司总经理。""",https://www.itjuzi.com/company/33391417
青岛新诚志卓轨道交通装备股份有限公司,新诚志卓,新三板,"""轨道交通内装系统生产服务""","""成立于2011年1月，目前新三板""",http://www.qd-xczz.com.cn,""" 企业服务 其他企业服务 城市轨道 通用设备""","""青岛新诚志卓轨道交通装备股份有限公司，是集研发、制造、服务于一体的轨道交通内装系统专业生产服务企业。致力于铁路各型客车内部装饰产品的研发设计、生产制造及检修。以专业的研发设计、成熟的生产工艺，确保产品安全、舒适、美观、环保。公司在高铁动车、轻轨地铁、普通铁路客车车辆的内装制造方面处于领先地位，拥有数控加工中心等高、精、尖及通用设备。""",2011.1,150-300人,1,杨庆凯,董事长,"""杨庆凯，青岛新诚志卓轨道交通装备股份有限公司董事长。""",https://www.itjuzi.com/company/33391322
深圳市泰为电力科技股份有限公司,泰为股份,新三板,"""电力配网自动化设备及系统研发商""","""成立于2004年3月，目前新三板""",http://www.towardwell.com,""" 企业服务 其他企业服务 智能电网 电力事业""","""泰为股份是一家电力配网自动化设备及系统研发商，主要产品包括ETC100-K/A电动操作装置、ETC200-I系列电动操作装置、配电自动化元器件、动力监控系统等，同时公司还为用户提供技术咨询及工程设计等服务。""",2004.3,150-300人,1,吴跃辉,董事长,"""吴跃辉，深圳市泰为电力科技股份有限公司董事长。""",https://www.itjuzi.com/company/33391158
长沙硕博电子科技股份有限公司,硕博电子,新三板,"""环卫车控制器研发商""","""成立于2007年7月，目前新三板""",http://www.csshuobo.com,""" 企业服务 其他企业服务 汽车配件 消防设备""","""硕博电子是一家环卫车控制器研发商，主要提供恶劣环境电控系统解决方案。公司产品包括运动控制器、显示器、智能分布式IO、程控音乐报警器等，可广泛应用于环卫机械、消防车、农用机械等行业领域。""",2007.7,150-300人,1,刘占军,董事长,"""刘占军，长沙硕博电子科技股份有限公司董事长。""",https://www.itjuzi.com/company/33391006
上海格瑞特科技实业股份有限公司,格瑞特,新三板,"""智能化建筑及信息技术产品服务商""","""成立于1994年3月，目前新三板""",http://www.greatgroup.com,""" 企业服务 其他企业服务""","""上海格瑞特科技实业股份有限公司是一家智能化建筑及信息技术产品的供应商、技术支持及服务商，也是上海的高新技术企业，是建筑智能化行业的百家最具成长性企业之一，已成为建筑智能化及安防行业中集研发、生产、销售、工程与服务一体化的可持续发展型企业。格瑞特是美国Videx（威泰）巡更系统在中国大陆地区唯一授权总代理和维修服务中心。""",1994.3,300-500人,1,王衍德,董事长,"""王衍德，上海格瑞特科技实业股份有限公司董事长。""",https://www.itjuzi.com/company/33394879
上海乐白机器人有限公司,乐白机器人,天使轮,"""专注于服务机器人的公司""","""成立于2017年11月，目前天使轮，1位投资人，总融资额约300万人民币""",http://,""" 硬件 机器人 机器人技术 机器人研发及生产 机器人产品 机器人整机生产 服务机器人""","""乐白机器人是一家专注于服务机器人的研发、生产制造公司，为大众提供轻型、经济、智能开放、易于使用的服务机器人产品及应用解决方案，致力于面向商业应用、智能家庭生活等场景，提供具有感知、交互、真正执行能力的服务机器人。""",2017.11,15-30人,1,张和光,CEO,"""张和光，上海乐白机器人有限公司创始人、CEO。""",https://www.itjuzi.com/company/33394741
上海乐白机器人有限公司,乐白机器人,天使轮,"""专注于服务机器人的公司""","""成立于2017年11月，目前天使轮，1位投资人，总融资额约300万人民币""",http://,""" 硬件 机器人 机器人技术 机器人研发及生产 机器人产品 机器人整机生产 服务机器人""","""乐白机器人是一家专注于服务机器人的研发、生产制造公司，为大众提供轻型、经济、智能开放、易于使用的服务机器人产品及应用解决方案，致力于面向商业应用、智能家庭生活等场景，提供具有感知、交互、真正执行能力的服务机器人。""",2017.11,15-30人,2,陈继荣,联合创始人,"""陈继荣，上海乐白机器人有限公司联合创始人。""",https://www.itjuzi.com/company/33394741
上海英韧创信息科技有限公司,InnoGrit英韧创,A+轮,"""专注于人工智能底层的芯片公司""","""成立于2017年6月，目前A+轮，4位投资人，总融资额约1950万人民币""",https://innogritcorp.com/,""" 硬件 芯片半导体 AI芯片 芯片""","""InnoGrit英韧创是一家专注于人工智能底层的芯片公司，和Google TPU一样为加快人工智能处理的速度与效率，隶属于上海英韧创信息科技有限公司。""",2017.6,100-150人,1,吴子宁,CEO,"""吴子宁，InnoGrit创始人兼CEO，曾担任上市公司Marvell 的CTO。芯片老兵，手握280多项技术专利，清华电子系毕业，斯坦福硕博出身，随后在美国芯片制造商Marvel一待17年，直接领导SSD控制器、硬盘控制器、无线互联和中央研发团队，离职前已是CTO。""",https://www.itjuzi.com/company/33399253
绎达咨询（成都）股份有限公司,绎达股份,新三板,"""综合管理咨询服务提供商""","""成立于2003年4月，目前新三板""",http://www.edac.com.cn/,""" 企业服务 其他企业服务""","""绎达股份是一家综合管理咨询服务提供商，专注于围绕大中型企业和公共机构的经营发展、运营管理等方面，提供发展咨询、运营咨询、财务咨询等服务，致力于帮助行业领先企业进行组织转型和绩效改进。""",2003.4,150-300人,1,肖宝同,董事长,"""肖宝同，绎达咨询(成都)股份有限公司董事长。""",https://www.itjuzi.com/company/33390906
河北华清环境科技集团股份有限公司,华清环境,新三板,"""环保综合服务提供商""","""成立于2006年2月，目前新三板""",http://hqkj.com.cn,""" 企业服务 其他企业服务 检测认证 环保工程 环保相关服务 环保设备 环境监测""","""华清环境是一家环保综合服务提供商，主要提供环境检测、职业卫生服务、公共场所检测、能力辐射检测、VOCs检测与治理、环保技术咨询业务以及生态修复工程等服务，同时公司还制造多功能解析管活化仪、采样布点远程监控大气采样仪、采汞仪等环境监测设备。""",2006.2,100-150人,1,贾莉,董事长,"""贾莉，河北华清环境科技集团股份有限公司董事长。""",https://www.itjuzi.com/company/33390812
邦威防护科技股份有限公司,邦威防护,新三板,"""职业装及特种劳动防护服装设计和生产""","""成立于1998年1月，目前新三板""",http://www.wxbrandway.com,""" 企业服务 其他企业服务 服装定制 检测认证 轻工业""","""深圳市新邦威服饰有限公司创建于2003年，座落于有世界花园城市美誉的深圳经济特区。我们多年来致力于职业装及特种劳动防护服装设计和生产，现已通过了ISO9001：2008质量管理体系认证和ISO14001：2004环境管理体系认证，并取得全国工业产品生产许可证及特种劳动防护用品安全标志证书。""",1998.1,300-500人,1,郭建荣,董事长,"""郭建荣，邦威防护科技股份有限公司董事长。""",https://www.itjuzi.com/company/33390752
广西欧联设备安装工程股份有限公司,欧联股份,新三板,"""消防设备提供商""","""成立于2002年12月，目前新三板""",http://www.gxoulian.com,""" 企业服务 其他企业服务 光电设备 电力设备 消防设备 化学化工 通用设备""","""欧联股份是一家消防设备提供商，主要产品有互感器、电气火灾显示盘、电气火灾监控探测器、便携式气溶胶灭火器、压力式泡沫比例混合装置、火灾探测器等，同时公司还提供消防设施工程、机电设备安装、建筑智能化工程等服务。""",2002.12,300-500人,1,欧志海,董事长,"""欧志海，广西欧联设备安装工程股份有限公司董事长。""",https://www.itjuzi.com/company/33390695
广东华南疫苗股份有限公司,华南疫苗,新三板,"""基因工程重组疫苗研发商""","""成立于2011年2月，目前新三板""",http://www.gdscvc.com/,""" 企业服务 其他企业服务 儿科 基因及生物技术 药品生产""","""华南疫苗是一家基因工程重组疫苗研发商，通过搭建人用疫苗杆状病毒三级毒种库，主要从事多蛋白胞内加工组装，产品有手足口病病毒基因工程疫苗、呼吸道合胞体病毒(RSV)基因工程疫苗和脊髓灰质炎（PV）基因工程疫苗等。""",2011.2,150-300人,1,彭涛,董事长,"""彭涛，广东华南疫苗股份有限公司董事长。""",https://www.itjuzi.com/company/33399177
福建福清汇通农村商业银行股份有限公司,汇通银行,新三板,"""农村商业银行""","""成立于2011年12月，目前新三板""",http://www.fjnx.com.cn/fqhtrcb,""" 企业服务 其他企业服务 信用及征信 信用贷款 银行 金融机构 农业金融""","""福建福清汇通农村商业银行股份有限公司是由福建省内各家农村信用合作联社、农商银行联合组成，具有独立企业法人资格的省级金融机构，是省政府管理农信社系统的专门机构，承担对全省农村信用社、农商银行的管理、指导、协调和服务职能。 坚持贷款重点投向“三农”，重点投向农村广大农户和中小微企业。""",2011.12,150-300人,1,薛丽建,董事长,"""薛丽建，福建福清汇通农村商业银行股份有限公司董事长。""",https://www.itjuzi.com/company/33390578
广州爱藏网电子商务有限公司,爱藏网,天使轮,"""综合性艺术品电商平台""","""成立于2013年8月，目前天使轮，2位投资人，总融资额约1000万人民币""",http://www.airmb.com/,""" 电子商务 其他电商服务 艺术品电商 拍卖竞价""","""爱藏网是一家综合性艺术品电商平台。该平台由拍卖、鉴定、评级、店铺、集市、知识、圈子七大板块组成。同时，在微信和移动端打造社交电商模式，用户可以通过爱藏网拍卖捡漏、逛集市秒杀、提问交流、查看相关新闻和教程等。""",2013.8,300-500人,1,阮明星,创始人兼CEO,"""阮明星，爱藏创始人兼CEO。""",https://www.itjuzi.com/company/33390536
微保宏大保险销售股份有限公司,宏大股份,新三板,"""保险服务提供商""","""成立于2011年1月，目前新三板""",http://www.hodins.com/,""" 企业服务 其他企业服务 保险""","""宏大股份是一家保险服务提供商，主要经营范围包括：在全国区域内(港、澳、台除外)代理销售保险产品；代理收取保险费；代理相关保险业务的损失勘查和理赔以及中国保监会批准的其他业务。""",2011.1,100-150人,1, 夏广宇,CEO,"""夏广宇，微保宏大保险销售股份有限公司CEO。""",https://www.itjuzi.com/company/33402521
贵州西南管业股份有限公司,西南管业,新三板,"""玻璃钢管道产品生产商""","""成立于2011年11月，目前新三板""",http://www.xngy.net/,""" 企业服务 其他企业服务 材料 橡塑制品""","""西南管业是一家玻璃钢管道产品生产商，主要生产玻璃钢夹砂管、玻璃纤维增强塑料电缆保护管、玻璃钢储罐、玻璃钢化粪池等系列产品，目前已应用于遵义水泊渡水库工程、安顺新河场水库等项目中。""",2011.11,150-300人,1,金开春,董事长,"""金开春，贵州西南管业股份有限公司董事长。""",https://www.itjuzi.com/company/33399398
内蒙古梅力更旅游投资股份公司,梅力更,新三板,"""自然生态风景区运营商""","""成立于2003年8月，目前新三板""",http://www.cnmlg.com,""" 企业服务 其他企业服务 旅游攻略 旅游服务 景区运营 旅游资源运营商 住""","""梅力更是一家自然生态风景区运营商，是国家4A级景区，景区保护面积为56.7平方公里，内有梅力更沟、石包克图沟、西沟等奇峻峡谷，主峰大桦背海拔2324米。同时为用户提供旅游攻略、住宿餐饮、票务预约等服务。""",2003.8,300-500人,1,王兴中,董事长,"""王兴中，内蒙古梅力更旅游投资股份公司董事长。""",https://www.itjuzi.com/company/33401513
辽宁中科生物工程股份有限公司,辽宁中科,新三板,"""食品、农药生物添加剂研发商""","""成立于2009年5月，目前新三板""",http://www.liaoningzhongke.com/,""" 企业服务 其他企业服务 农作物 农业种植 食品添加剂 农业生产及加工""","""辽宁中科是一家食品、农药生物添加剂研发商，主要从事聚谷氨酸生物肥料增效剂、食品添加剂和农药降解酶制剂等产品的研发、生产与销售，主打产品“保肥思”(肥料增效剂)主要应用于高效氮、磷、钾肥及复合肥的生产，广泛应用于农作物种植。""",2009.5,150-300人,1,石元亮,董事长,"""石元亮，辽宁中科生物工程股份有限公司董事长。""",https://www.itjuzi.com/company/33399730
北京科途医学科技有限公司,科途医学,A轮,"""抗肿瘤药物研发商""","""成立于2016年8月，目前A轮，4位投资人，总融资额约3000万人民币""",http://www.k2oncology.cn/,""" 医疗健康 生物技术和制药 药物研发 医药服务 医疗专科服务 肿瘤""","""科途医学是一家抗肿瘤药物研发商，基于药物敏感性模型、药物动力学模型、药物代谢模型和生物标志物等，预判药物在用户体内的反应，从而进行个性化药物剂量选择和给药方案的制定。
""",2016.8,50-100人,1,孙志坚,创始人,"""孙志坚，科途医学创始人，获得浙江大学生物工程系学士学位，在肿瘤研究领域有超过14年经验，拥有丰富的肿瘤药物模型研究、新药开发及项目管理经验，历任诺华生物医学研究所博士后研究员，百济神州（北京）生物科技有限公司高级研究员。""",https://www.itjuzi.com/company/33398677
北京新学问教育科技有限公司,新学问,尚未获投,"""高品质在线幼儿园的在线外教课""",,http://www.xinxuewen.cn/,""" 教育 儿童早教 语言学习 英语学习 学前教育 外教""","""北京新学问教育科技有限公司，是一家从事在线教育的新锐公司，专注于3-13岁幼少儿在线英语教育领域。主要通过先进的教育理念、尖端的自研技术以及优质的外教师资，为全国各地的孩子打造纯正的英语学习体验，致力于让孩子快乐自信地成长，提升国际视野，链接世界。 目前旗下拥有两大在线教育产品【新学问在线外教课】【可爱说英语】。为保障优质的教育服务，更在全球建立了北美外教中心、亚洲外教中心和北京外教中心三大教学中心。""",2018.1,15-30人,1,刘石川,创始人兼CEO,"""刘石川，创始人兼CEO，北京大学硕士，互联网教育连续创业者。""",https://www.itjuzi.com/company/33397833
耀码教育科技（上海）有限公司,码趣学院,尚未获投,"""少儿编程教育机构""",,http://www.codingmarch.com/,""" 教育 兴趣教育 科研学术 编程教育 创客教育 少儿编程 机器人教育 K12教育 STEAM 教""","""码趣学院是一家少儿编程教育机构，致力于通过编程课程的学习，开发少儿的逻辑思维能力、动手能力以及创客精神，课程体系有基础课程体系，竞赛通道课，专项课题，暑假夏令营等，已自主开发包括基础编程语言课程、创客、机器人、科研等深度延伸领域项目，并与海外各类优质STEM教育机构和名校合作。
""",2017.4,30-50人,1,杨克思,创始人,"""曾就读于美国著名私立高中Peddie School，本科获得美国莱斯大学（RICE）计算机科学、经济双学位。
对于中、美教育差别以及优劣势有着深刻理解。2013年起从事留学咨询创业，帮助数百名学生圆梦世界名校，与美国十大“小常春藤”中学及顶尖大学联系紧密。2015年，将留学咨询业务出售给著名教育公司。随后创办码趣学院，继续教育创业，致力于发展中国青少年编程教育。""",https://www.itjuzi.com/company/33349435
耀码教育科技（上海）有限公司,码趣学院,尚未获投,"""少儿编程教育机构""",,http://www.codingmarch.com/,""" 教育 兴趣教育 科研学术 编程教育 创客教育 少儿编程 机器人教育 K12教育 STEAM 教""","""码趣学院是一家少儿编程教育机构，致力于通过编程课程的学习，开发少儿的逻辑思维能力、动手能力以及创客精神，课程体系有基础课程体系，竞赛通道课，专项课题，暑假夏令营等，已自主开发包括基础编程语言课程、创客、机器人、科研等深度延伸领域项目，并与海外各类优质STEM教育机构和名校合作。
""",2017.4,30-50人,2,吴迪,运营负责人,"""英国伦敦政治经济学院（LSE）管理科学硕士，大学阶段在伦敦创办国际贸易公司，毕业后加入J.P Morgan投资银行部，分别在并购部和IPO承销保荐部门就职，拥有丰富的海外VIE拆除及并购融资经验。""",https://www.itjuzi.com/company/33349435
耀码教育科技（上海）有限公司,码趣学院,尚未获投,"""少儿编程教育机构""",,http://www.codingmarch.com/,""" 教育 兴趣教育 科研学术 编程教育 创客教育 少儿编程 机器人教育 K12教育 STEAM 教""","""码趣学院是一家少儿编程教育机构，致力于通过编程课程的学习，开发少儿的逻辑思维能力、动手能力以及创客精神，课程体系有基础课程体系，竞赛通道课，专项课题，暑假夏令营等，已自主开发包括基础编程语言课程、创客、机器人、科研等深度延伸领域项目，并与海外各类优质STEM教育机构和名校合作。
""",2017.4,30-50人,3,王瑞涵,市场负责人,"""武汉大学计算机科学与技术学士，圣安德鲁斯大学(St Andrews)金融学硕士，曾任香港雨润国鼎金融控股有限公司股票分析师；后投身教育事业，在国内外多家大型留学咨询服务与标准化考试培训机构负责市场与销售业务，拥有丰富的教育行业市场投放，渠道合作，销售管控经验。""",https://www.itjuzi.com/company/33349435
耀码教育科技（上海）有限公司,码趣学院,尚未获投,"""少儿编程教育机构""",,http://www.codingmarch.com/,""" 教育 兴趣教育 科研学术 编程教育 创客教育 少儿编程 机器人教育 K12教育 STEAM 教""","""码趣学院是一家少儿编程教育机构，致力于通过编程课程的学习，开发少儿的逻辑思维能力、动手能力以及创客精神，课程体系有基础课程体系，竞赛通道课，专项课题，暑假夏令营等，已自主开发包括基础编程语言课程、创客、机器人、科研等深度延伸领域项目，并与海外各类优质STEM教育机构和名校合作。
""",2017.4,30-50人,4,柳佳,财务负责人,"""上海财经大学管理学学士，美国伊利诺伊大学香槟分校（UIUC）会计学硕士。曾就职于国内知名PE投资机构，参与众多私募股权投资案例，拥有全面的财务会计知识、多年的投资管理经历、丰富的融资并购经验。""",https://www.itjuzi.com/company/33349435
耀码教育科技（上海）有限公司,码趣学院,尚未获投,"""少儿编程教育机构""",,http://www.codingmarch.com/,""" 教育 兴趣教育 科研学术 编程教育 创客教育 少儿编程 机器人教育 K12教育 STEAM 教""","""码趣学院是一家少儿编程教育机构，致力于通过编程课程的学习，开发少儿的逻辑思维能力、动手能力以及创客精神，课程体系有基础课程体系，竞赛通道课，专项课题，暑假夏令营等，已自主开发包括基础编程语言课程、创客、机器人、科研等深度延伸领域项目，并与海外各类优质STEM教育机构和名校合作。
""",2017.4,30-50人,5,仲剑云,授课负责人,"""拥有超过10年的理科竞赛经验，华东政法大学民商法学士，毕业后即投身教育事业，精通欧美留学业务，并对于理科竞赛竞赛、编程教学行业有丰富的教学和教研经验。""",https://www.itjuzi.com/company/33349435
耀码教育科技（上海）有限公司,码趣学院,尚未获投,"""少儿编程教育机构""",,http://www.codingmarch.com/,""" 教育 兴趣教育 科研学术 编程教育 创客教育 少儿编程 机器人教育 K12教育 STEAM 教""","""码趣学院是一家少儿编程教育机构，致力于通过编程课程的学习，开发少儿的逻辑思维能力、动手能力以及创客精神，课程体系有基础课程体系，竞赛通道课，专项课题，暑假夏令营等，已自主开发包括基础编程语言课程、创客、机器人、科研等深度延伸领域项目，并与海外各类优质STEM教育机构和名校合作。
""",2017.4,30-50人,6,吴亚晴,开发团队负责人,"""南京航空航天大学 电子与信息技术系毕业，前华为技术有限公司高级软件系统设计师，在软件领域有着深入的钻研，先后参与或主导了十多个项目开发，曾多次担任项目经理，所带项目团队成绩突出，获得高度好评，并两次获得公司级金牌团队。""",https://www.itjuzi.com/company/33349435
北京饭饱网络科技有限公司,饭饱,尚未获投,"""互联网国宴餐饮品牌""",,http://,""" 本地生活 美食餐饮 厨师 外卖订餐 家政服务 美食外卖 餐饮业 餐饮品牌""","""饭饱是一个国宴餐饮品牌，主要面向中高端用户群体、白领用户群体、政府企业机关群体等用户，平台为提供到店、外卖、厨师上门三种服务形式，为用户提供国宴菜、地方融合菜、私房菜、私人定制化菜品等服务，同时提供营养师定制、美食大杂烩等服务。""",2018.7,50-100人,1,白杨,董事长,"""白杨，饭饱董事长。""",https://www.itjuzi.com/company/33394176
浙江凯鸿物流股份有限公司,凯鸿物流,新三板,"""综合性国际物流公司""","""成立于2012年3月，目前新三板""",http://www.kaihom.com/,""" 企业服务 其他企业服务 仓储服务 跨境物流 物流运输""","""浙江凯鸿物流股份有限公司的前身为浙江茂鸿国际货运代理有限公司，是一家集专业化集装箱运输、国际货运代理、报关报检、保税物流仓储和外贸代理于一体的综合性国际物流公司。""",2012.3,150-300人,1,薛军,董事长,"""薛军，浙江凯鸿物流股份有限公司董事长。""",https://www.itjuzi.com/company/33392586
苏州紫月格格网络科技有限公司,紫月格格,天使轮,"""一家手机游戏研发公司""","""成立于2017年12月，目前天使轮，1位投资人，总融资额约300万人民币""",http://www.yunlangame.com,""" 游戏 游戏开发商""","""紫月格格是一家手机游戏研发公司，游戏产品有同名《紫月格格》等。""",2017.12,10-15人,1,张辉,CEO,"""张辉，苏州紫月格格网络科技创始人、CEO。""",https://www.itjuzi.com/company/33394688
江苏舜大新能源股份有限公司,舜大能源,新三板,"""太阳能光伏电站开发商""","""成立于2009年5月，目前新三板""",http://www.jssunda.cn/,""" 企业服务 其他企业服务 新能源 能源发电 太阳能""","""舜大能源是一家太阳能光伏电站开发商，主营业务还包括燃料电池的研发、智能电网等，光伏电站业务涉及渔光互补光伏电站、地面光伏电站、屋顶光伏电站等类型；同时公司还为用户提供相关技术咨询等服务。""",2009.5,150-300人,1,李进,董事长,"""李进，江苏舜大新能源股份有限公司董事长。""",https://www.itjuzi.com/company/33393346
柳州金泰物流股份有限公司,金泰股份,新三板,"""危险化学品及液化天然气运输服务商""","""成立于2010年3月，目前新三板""",http://www.lzjintai.com,""" 企业服务 其他企业服务 特殊品物流 物流运输""","""金泰股份是一家危险化学品运输及液化天然气（LNG）运输服务商，专用危险化学品运输车辆100余台、LNG专用运输车辆50多台和厢式平板货车50多台，服务网络遍及珠江流域及长江中下游流域。""",2010.3,150-300人,1,邹新华,董事长,"""邹新华，柳州金泰物流股份有限公司董事长。""",https://www.itjuzi.com/company/33390650
上海生农生化制品股份有限公司,上海生农,新三板,"""化肥农药生产企业""","""成立于2002年7月，目前新三板""",http://www.shengnong-pesticide.com.cn,""" 企业服务 其他企业服务""","""上海生农是一家化肥农药生产企业，主要从事生物农药、化学农药、卫生杀虫剂及精细化工品的开发、生产及销售，产品覆盖原药及杀虫、杀菌、除草、水溶肥料等系列制剂品种，同时提供病虫栽培科普知识、试验成果分享等技术服务。""",2002.7,150-300人,1,毕强,董事长,"""毕强，上海生农生化制品股份有限公司董事长。""",https://www.itjuzi.com/company/33391926
山东丰源轮胎制造股份有限公司,丰源轮胎,新三板,"""轮胎研发供应商""","""成立于2008年8月，目前新三板""",http://www.fytire.com,""" 企业服务 其他企业服务 租车 交通出行 新能源 汽车制造 新能源汽车 检测认证 能源设备 能源工业 汽车制造业 能源电力""","""丰源轮胎是一家轮胎研发供应商，集半钢子午线轮胎研发、制造、销售于一体，主要为各式乘用车研发相应轮胎。公司利用各项研发、实验和检测设备，利用有限元分析法自主噪声分析，研发出绿色、安全、低滚阻、低噪音、抗湿滑的轮胎，开发了防静电、防爆破、防刺扎“三防”全方位安全轮胎和出租车、新能源汽车等差异化专用轮胎。""",2008.8,300-500人,1,王中江,董事长,"""王中江，山东丰源轮胎制造股份有限公司董事长。""",https://www.itjuzi.com/company/33401083
广东鸿威国际会展集团有限公司,鸿威会展集团,尚未获投,"""国际化多维视觉会展整体解决方案服务机构""",,http://www.gzhw.com/,""" 企业服务 销售营销 企业营销""","""鸿威会展集团是一家国际化多维视觉会展整体解决方案服务机构，提供会展多维视觉数字化互动营销解决方案。""",2002.10,500-1000人,1,王照云,董事长,"""王照云，广东鸿威国际会展集团有限公司董事长""",https://www.itjuzi.com/company/33392195
广东兴艺数字印刷股份有限公司,兴艺印刷,新三板,"""数字化印刷企业""","""成立于2009年12月，目前新三板""",http://gc691615.cn.gongchang.com/about.html,""" 企业服务 其他企业服务 印刷印制""","""广东兴艺数字印刷股份有限公司位于江门蓬江区杜阮松园工业区内，东临江门市西环路，南通杜阮镇环路，距离江肇高速杜阮出口三分钟车程，到江门轻轨站十五分钟车程，交通十分便利，西临圭峰山风景区，环境秀丽。 工厂占地总面积为50多亩，是江门五邑地区第一家实现数字化印刷的民营印刷企业，也是江门地区规模最大的印刷私营企业。""",2009.12,150-300人,1,黄健权,董事长,"""黄健权，广东兴艺数字印刷股份有限公司董事长。""",https://www.itjuzi.com/company/33393240
安徽省明堂山旅游开发股份有限公司,明堂山,新三板,"""旅游景区开发运营商""","""成立于2004年11月，目前新三板""",http://www.mingtangshan.com,""" 企业服务 其他企业服务 景点门票 旅行社 景区运营 旅游资源运营商""","""明堂山是一个旅游景区开发运营商，涵盖明堂山风景区和明堂假日旅行社两大业务，为用户提供明堂山度假山庄、名人摄影作品、明堂山贵宾楼等服务，旗下拥有停车场、旅游观光索道、索桥、岩体观光栈道、游客接待中心等设施。""",2004.11,150-300人,1,韩华,董事长,"""韩华，安徽省明堂山旅游开发股份有限公司董事长。""",https://www.itjuzi.com/company/33391066
安邦电气股份有限公司,安邦股份,新三板,"""电伴热产品研发商""","""成立于2010年5月，目前新三板""",http://www.anbangcn.com,""" 企业服务 其他企业服务 电线电缆 金属材料 高分子材料 家电 化工制品 电线光杆""","""安邦电气股份是一家电伴热产品研发商，该公司主要生产并联恒功率电伴热带、集肤效应电伴热、双导发热电缆、硅橡胶油桶电加热带、MI不锈钢矿物绝缘加热电缆、蒸汽电加热器、配电箱等产品，此外公司还生产接线盒、铝箔胶带等电伴热配件。""",2010.5,150-300人,1,李贻连,董事长,"""李贻连，安邦电气股份有限公司董事长。""",https://www.itjuzi.com/company/33400055
深圳市世心互联网科技有限公司,世心建站,战略投资,"""互联网基础数据服务提供商""","""成立于2018年1月""",http://www.zmqsz.com/,""" 企业服务 数据服务 办公OA""","""深圳市世心互联网科技有限公司&是一家专注为中小企业提供互联网基础数据服务，数据运营的创新型企业，是一以SAAS平台为基点，为企业用户提供产品搭建，体系运营简单实用的互联网工具，并配合我们的数据运营服务体系帮助数百万企业用户有效地提升消费者体验与互联网营销核心竞争力。

世心建站已经打造了一个完整的互联网一体化的营销产链圈结构，为企业提供互联网服务。营销产品体系、聚合数据、渠道分发、用户转化等系统化的互联网数据营销产链圈方案为中小型企业提供开放整合的企业生态服务圈，力致成为中小企业成长的完全助力。

世心建站体系主要的产品包括企业基础官网建设，企业圈建设，电商平台建设，企业O2O平台搭建，企业OA办公平台建设，移动手机平台，APP客户端及微信网站，小程序等一系列专为中小企业定制在线建站产品体系；同时，世心建站提供更加重要的服务体系包括：企业互联网运营咨询服务，培训服务，数据运营监控服务，平台运营指导服务，平台营销课程体系服务等。应对中小企业在互联网运营的各种问题，为中小企业在互联网的运营中保驾护航。

世心建站还为你提供了CMS四合一建站优质的解决方案 “中英文站+电脑网站+手机网站+微信网站+APP” 以公司核心技术为依托，形成了针对不同行业、不同规模、不同应用的系列产品和解决方案。同时，我们拥有完善的网络基础设施服务，能够为企业或个人提供域名注册、虚拟主机、企业邮局、网站加速、数据库、云主机等网络基础服务。""",2018.1,100-150人,1,张文波,董事长兼CEO,"""张文波担任：深圳市世心互联网科技有限公司（首席CEO）""",https://www.itjuzi.com/company/32635694
深圳市世心互联网科技有限公司,世心建站,战略投资,"""互联网基础数据服务提供商""","""成立于2018年1月""",http://www.zmqsz.com/,""" 企业服务 数据服务 办公OA""","""深圳市世心互联网科技有限公司&是一家专注为中小企业提供互联网基础数据服务，数据运营的创新型企业，是一以SAAS平台为基点，为企业用户提供产品搭建，体系运营简单实用的互联网工具，并配合我们的数据运营服务体系帮助数百万企业用户有效地提升消费者体验与互联网营销核心竞争力。

世心建站已经打造了一个完整的互联网一体化的营销产链圈结构，为企业提供互联网服务。营销产品体系、聚合数据、渠道分发、用户转化等系统化的互联网数据营销产链圈方案为中小型企业提供开放整合的企业生态服务圈，力致成为中小企业成长的完全助力。

世心建站体系主要的产品包括企业基础官网建设，企业圈建设，电商平台建设，企业O2O平台搭建，企业OA办公平台建设，移动手机平台，APP客户端及微信网站，小程序等一系列专为中小企业定制在线建站产品体系；同时，世心建站提供更加重要的服务体系包括：企业互联网运营咨询服务，培训服务，数据运营监控服务，平台运营指导服务，平台营销课程体系服务等。应对中小企业在互联网运营的各种问题，为中小企业在互联网的运营中保驾护航。

世心建站还为你提供了CMS四合一建站优质的解决方案 “中英文站+电脑网站+手机网站+微信网站+APP” 以公司核心技术为依托，形成了针对不同行业、不同规模、不同应用的系列产品和解决方案。同时，我们拥有完善的网络基础设施服务，能够为企业或个人提供域名注册、虚拟主机、企业邮局、网站加速、数据库、云主机等网络基础服务。""",2018.1,100-150人,2,李梦丽,担任财务总监,"""工作职责:
1.核算管理：建立并落实公司核算细则，检查审核项目部核算、财务报表等相关资料；
2.财务分析：负责成本核算和控制，绩效考核指标的测算和统计；
3.税收划筹：研究所在区域的地方现行税收法律法规，与区域税务机关建立良好关系，制定税务筹划方案，管控税务风险；
4.财务预算管理；编制区域年度财务预算；
5.资金使用管理：对资金业务进行监督，落实资金管理内控要求。""",https://www.itjuzi.com/company/32635694
深圳市世心互联网科技有限公司,世心建站,战略投资,"""互联网基础数据服务提供商""","""成立于2018年1月""",http://www.zmqsz.com/,""" 企业服务 数据服务 办公OA""","""深圳市世心互联网科技有限公司&是一家专注为中小企业提供互联网基础数据服务，数据运营的创新型企业，是一以SAAS平台为基点，为企业用户提供产品搭建，体系运营简单实用的互联网工具，并配合我们的数据运营服务体系帮助数百万企业用户有效地提升消费者体验与互联网营销核心竞争力。

世心建站已经打造了一个完整的互联网一体化的营销产链圈结构，为企业提供互联网服务。营销产品体系、聚合数据、渠道分发、用户转化等系统化的互联网数据营销产链圈方案为中小型企业提供开放整合的企业生态服务圈，力致成为中小企业成长的完全助力。

世心建站体系主要的产品包括企业基础官网建设，企业圈建设，电商平台建设，企业O2O平台搭建，企业OA办公平台建设，移动手机平台，APP客户端及微信网站，小程序等一系列专为中小企业定制在线建站产品体系；同时，世心建站提供更加重要的服务体系包括：企业互联网运营咨询服务，培训服务，数据运营监控服务，平台运营指导服务，平台营销课程体系服务等。应对中小企业在互联网运营的各种问题，为中小企业在互联网的运营中保驾护航。

世心建站还为你提供了CMS四合一建站优质的解决方案 “中英文站+电脑网站+手机网站+微信网站+APP” 以公司核心技术为依托，形成了针对不同行业、不同规模、不同应用的系列产品和解决方案。同时，我们拥有完善的网络基础设施服务，能够为企业或个人提供域名注册、虚拟主机、企业邮局、网站加速、数据库、云主机等网络基础服务。""",2018.1,100-150人,3,周小华,总监,"""岗位职责：
1.制定网建部的整个年度规划，月度规划，确保整个网建部的年度和月度目标能够达成；
2.对网建部的各项工作进行归类整理，并进行规范化和标准化处理；并严格执行网建部的管理制度和操作规范；
3.根据每个网站项目的要求，制定切实可行的工作安排和时间进度安排，确保每个项目能按时保质完成；
4.对所在部门的员工能够进行技能培训和技术指导。""",https://www.itjuzi.com/company/32635694
深圳市世心互联网科技有限公司,世心建站,战略投资,"""互联网基础数据服务提供商""","""成立于2018年1月""",http://www.zmqsz.com/,""" 企业服务 数据服务 办公OA""","""深圳市世心互联网科技有限公司&是一家专注为中小企业提供互联网基础数据服务，数据运营的创新型企业，是一以SAAS平台为基点，为企业用户提供产品搭建，体系运营简单实用的互联网工具，并配合我们的数据运营服务体系帮助数百万企业用户有效地提升消费者体验与互联网营销核心竞争力。

世心建站已经打造了一个完整的互联网一体化的营销产链圈结构，为企业提供互联网服务。营销产品体系、聚合数据、渠道分发、用户转化等系统化的互联网数据营销产链圈方案为中小型企业提供开放整合的企业生态服务圈，力致成为中小企业成长的完全助力。

世心建站体系主要的产品包括企业基础官网建设，企业圈建设，电商平台建设，企业O2O平台搭建，企业OA办公平台建设，移动手机平台，APP客户端及微信网站，小程序等一系列专为中小企业定制在线建站产品体系；同时，世心建站提供更加重要的服务体系包括：企业互联网运营咨询服务，培训服务，数据运营监控服务，平台运营指导服务，平台营销课程体系服务等。应对中小企业在互联网运营的各种问题，为中小企业在互联网的运营中保驾护航。

世心建站还为你提供了CMS四合一建站优质的解决方案 “中英文站+电脑网站+手机网站+微信网站+APP” 以公司核心技术为依托，形成了针对不同行业、不同规模、不同应用的系列产品和解决方案。同时，我们拥有完善的网络基础设施服务，能够为企业或个人提供域名注册、虚拟主机、企业邮局、网站加速、数据库、云主机等网络基础服务。""",2018.1,100-150人,4,李梦红,风控管理总监,"""岗位职责：
1.负责公司业务的风险控制管理工作，构建业务风险评价及预防体系；
2.建立和完善风控管理制度、流程、方案，控制项目风险，做好相关培训和督导；
3.建立、维护风险管理信息库并建立业务风险追偿机制；""",https://www.itjuzi.com/company/32635694
上海大禾升平文化传媒有限公司,Caster,天使轮,"""街舞教学及街头品牌服饰设计销售商""","""成立于2010年11月，目前天使轮，4位投资人，总融资额约3000万人民币""",http://www.casterstudio.com/,""" 文化娱乐 艺术 舞蹈 演出/演艺""","""CASTER是一家街舞教学及街头品牌服饰设计销售商，主要为用户提供街舞教学培训及街头服饰电商服务。公司为不同阶段的学习人群提供不同舞蹈强化课程，并且其服饰产品以各支线系列呈现不同设计风格。""",2010.11,30-50人,1,刘磊,创始人,"""刘磊，大禾升平创始人。""",https://www.itjuzi.com/company/33394815
安徽三的文化创意有限公司,大麦柜,种子轮,"""智能售货柜研发商""","""成立于2014年4月，目前种子轮""",http://www.anhui3d.com,""" 本地生活 其他生活服务 生鲜 酒水饮料 便利货架/货柜 食""","""大麦柜是一家智能售货柜研发商，大麦柜智能货柜广泛适用于学校、写字楼、交通枢纽、社区、医院、健身馆等多种线下场景。 可售卖商品涵盖饮料，零食，水果，蔬菜、鲜花等日常生活品类。""",2014.4,30-50人,1,余领,创始人,"""余领，大麦柜创始人""",https://www.itjuzi.com/company/33390332
